        4515
           1  -32000.000000000000       -8500.0000000000000                1
           2  -31500.000000000000       -8500.0000000000000                1
           3  -31000.000000000000       -8500.0000000000000                1
           4  -30500.000000000000       -8500.0000000000000                1
           5  -30000.000000000000       -8500.0000000000000                1
           6  -29500.000000000000       -8500.0000000000000                1
           7  -29000.000000000000       -8500.0000000000000                1
           8  -28500.000000000000       -8500.0000000000000                1
           9  -28000.000000000000       -8500.0000000000000                1
          10  -27500.000000000000       -8500.0000000000000                1
          11  -27000.000000000000       -8500.0000000000000                1
          12  -26500.000000000000       -8500.0000000000000                1
          13  -26000.000000000000       -8500.0000000000000                1
          14  -25500.000000000000       -8500.0000000000000                1
          15  -25000.000000000000       -8500.0000000000000                1
          16  -24500.000000000000       -8500.0000000000000                1
          17  -24000.000000000000       -8500.0000000000000                1
          18  -23500.000000000000       -8500.0000000000000                1
          19  -23000.000000000000       -8500.0000000000000                1
          20  -22500.000000000000       -8500.0000000000000                1
          21  -22000.000000000000       -8500.0000000000000                1
          22  -21500.000000000000       -8500.0000000000000                1
          23  -21000.000000000000       -8500.0000000000000                1
          24  -20500.000000000000       -8500.0000000000000                1
          25  -20000.000000000000       -8500.0000000000000                1
          26  -19500.000000000000       -8500.0000000000000                1
          27  -19000.000000000000       -8500.0000000000000                1
          28  -18500.000000000000       -8500.0000000000000                1
          29  -18000.000000000000       -8500.0000000000000                1
          30  -17500.000000000000       -8500.0000000000000                1
          31  -17000.000000000000       -8500.0000000000000                1
          32  -16500.000000000000       -8500.0000000000000                1
          33  -16000.000000000000       -8500.0000000000000                1
          34  -15500.000000000000       -8500.0000000000000                1
          35  -15000.000000000000       -8500.0000000000000                1
          36  -14500.000000000000       -8500.0000000000000                1
          37  -14000.000000000000       -8500.0000000000000                1
          38  -13500.000000000000       -8500.0000000000000                1
          39  -13000.000000000000       -8500.0000000000000                1
          40  -12500.000000000000       -8500.0000000000000                1
          41  -12000.000000000000       -8500.0000000000000                1
          42  -11500.000000000000       -8500.0000000000000                1
          43  -11000.000000000000       -8500.0000000000000                1
          44  -10500.000000000000       -8500.0000000000000                1
          45  -10000.000000000000       -8500.0000000000000                1
          46  -9500.0000000000000       -8500.0000000000000                1
          47  -9000.0000000000000       -8500.0000000000000                1
          48  -8500.0000000000000       -8500.0000000000000                1
          49  -8000.0000000000000       -8500.0000000000000                1
          50  -7500.0000000000000       -8500.0000000000000                1
          51  -7000.0000000000000       -8500.0000000000000                1
          52  -6500.0000000000000       -8500.0000000000000                1
          53  -6000.0000000000000       -8500.0000000000000                1
          54  -5500.0000000000000       -8500.0000000000000                1
          55  -5000.0000000000000       -8500.0000000000000                1
          56  -4500.0000000000000       -8500.0000000000000                1
          57  -4000.0000000000000       -8500.0000000000000                1
          58  -3500.0000000000000       -8500.0000000000000                1
          59  -3000.0000000000000       -8500.0000000000000                1
          60  -2500.0000000000000       -8500.0000000000000                1
          61  -2000.0000000000000       -8500.0000000000000                1
          62  -1500.0000000000000       -8500.0000000000000                1
          63  -1000.0000000000000       -8500.0000000000000                1
          64  -500.00000000000000       -8500.0000000000000                1
          65   0.0000000000000000       -8500.0000000000000                1
          66   500.00000000000000       -8500.0000000000000                1
          67   1000.0000000000000       -8500.0000000000000                1
          68   1500.0000000000000       -8500.0000000000000                1
          69   2000.0000000000000       -8500.0000000000000                1
          70   2500.0000000000000       -8500.0000000000000                1
          71   3000.0000000000000       -8500.0000000000000                1
          72   3500.0000000000000       -8500.0000000000000                1
          73   4000.0000000000000       -8500.0000000000000                1
          74   4500.0000000000000       -8500.0000000000000                1
          75   5000.0000000000000       -8500.0000000000000                1
          76   5500.0000000000000       -8500.0000000000000                1
          77   6000.0000000000000       -8500.0000000000000                1
          78   6500.0000000000000       -8500.0000000000000                1
          79   7000.0000000000000       -8500.0000000000000                1
          80   7500.0000000000000       -8500.0000000000000                1
          81   8000.0000000000000       -8500.0000000000000                1
          82   8500.0000000000000       -8500.0000000000000                1
          83   9000.0000000000000       -8500.0000000000000                1
          84   9500.0000000000000       -8500.0000000000000                1
          85   10000.000000000000       -8500.0000000000000                1
          86   10500.000000000000       -8500.0000000000000                1
          87   11000.000000000000       -8500.0000000000000                1
          88   11500.000000000000       -8500.0000000000000                1
          89   12000.000000000000       -8500.0000000000000                1
          90   12500.000000000000       -8500.0000000000000                1
          91   13000.000000000000       -8500.0000000000000                1
          92   13500.000000000000       -8500.0000000000000                1
          93   14000.000000000000       -8500.0000000000000                1
          94   14500.000000000000       -8500.0000000000000                1
          95   15000.000000000000       -8500.0000000000000                1
          96   15500.000000000000       -8500.0000000000000                1
          97   16000.000000000000       -8500.0000000000000                1
          98   16500.000000000000       -8500.0000000000000                1
          99   17000.000000000000       -8500.0000000000000                1
         100   17500.000000000000       -8500.0000000000000                1
         101   18000.000000000000       -8500.0000000000000                1
         102   18500.000000000000       -8500.0000000000000                1
         103   19000.000000000000       -8500.0000000000000                1
         104   19500.000000000000       -8500.0000000000000                1
         105   20000.000000000000       -8500.0000000000000                1
         106   20500.000000000000       -8500.0000000000000                1
         107   21000.000000000000       -8500.0000000000000                1
         108   21500.000000000000       -8500.0000000000000                1
         109   22000.000000000000       -8500.0000000000000                1
         110   22500.000000000000       -8500.0000000000000                1
         111   23000.000000000000       -8500.0000000000000                1
         112   23500.000000000000       -8500.0000000000000                1
         113   24000.000000000000       -8500.0000000000000                1
         114   24500.000000000000       -8500.0000000000000                1
         115   25000.000000000000       -8500.0000000000000                1
         116   25500.000000000000       -8500.0000000000000                1
         117   26000.000000000000       -8500.0000000000000                1
         118   26500.000000000000       -8500.0000000000000                1
         119   27000.000000000000       -8500.0000000000000                1
         120   27500.000000000000       -8500.0000000000000                1
         121   28000.000000000000       -8500.0000000000000                1
         122   28500.000000000000       -8500.0000000000000                1
         123   29000.000000000000       -8500.0000000000000                1
         124   29500.000000000000       -8500.0000000000000                1
         125   30000.000000000000       -8500.0000000000000                1
         126   30500.000000000000       -8500.0000000000000                1
         127   31000.000000000000       -8500.0000000000000                1
         128   31500.000000000000       -8500.0000000000000                1
         129   32000.000000000000       -8500.0000000000000                1
         130  -32000.000000000000       -8000.0000000000000                1
         131  -31500.000000000000       -8000.0000000000000                0
         132  -31000.000000000000       -8000.0000000000000                0
         133  -30500.000000000000       -8000.0000000000000                0
         134  -30000.000000000000       -8000.0000000000000                0
         135  -29500.000000000000       -8000.0000000000000                0
         136  -29000.000000000000       -8000.0000000000000                0
         137  -28500.000000000000       -8000.0000000000000                0
         138  -28000.000000000000       -8000.0000000000000                0
         139  -27500.000000000000       -8000.0000000000000                0
         140  -27000.000000000000       -8000.0000000000000                0
         141  -26500.000000000000       -8000.0000000000000                0
         142  -26000.000000000000       -8000.0000000000000                0
         143  -25500.000000000000       -8000.0000000000000                0
         144  -25000.000000000000       -8000.0000000000000                0
         145  -24500.000000000000       -8000.0000000000000                0
         146  -24000.000000000000       -8000.0000000000000                0
         147  -23500.000000000000       -8000.0000000000000                0
         148  -23000.000000000000       -8000.0000000000000                0
         149  -22500.000000000000       -8000.0000000000000                0
         150  -22000.000000000000       -8000.0000000000000                0
         151  -21500.000000000000       -8000.0000000000000                0
         152  -21000.000000000000       -8000.0000000000000                0
         153  -20500.000000000000       -8000.0000000000000                0
         154  -20000.000000000000       -8000.0000000000000                0
         155  -19500.000000000000       -8000.0000000000000                0
         156  -19000.000000000000       -8000.0000000000000                0
         157  -18500.000000000000       -8000.0000000000000                0
         158  -18000.000000000000       -8000.0000000000000                0
         159  -17500.000000000000       -8000.0000000000000                0
         160  -17000.000000000000       -8000.0000000000000                0
         161  -16500.000000000000       -8000.0000000000000                0
         162  -16000.000000000000       -8000.0000000000000                0
         163  -15500.000000000000       -8000.0000000000000                0
         164  -15000.000000000000       -8000.0000000000000                0
         165  -14500.000000000000       -8000.0000000000000                0
         166  -14000.000000000000       -8000.0000000000000                0
         167  -13500.000000000000       -8000.0000000000000                0
         168  -13000.000000000000       -8000.0000000000000                0
         169  -12500.000000000000       -8000.0000000000000                0
         170  -12000.000000000000       -8000.0000000000000                0
         171  -11500.000000000000       -8000.0000000000000                0
         172  -11000.000000000000       -8000.0000000000000                0
         173  -10500.000000000000       -8000.0000000000000                0
         174  -10000.000000000000       -8000.0000000000000                0
         175  -9500.0000000000000       -8000.0000000000000                0
         176  -9000.0000000000000       -8000.0000000000000                0
         177  -8500.0000000000000       -8000.0000000000000                0
         178  -8000.0000000000000       -8000.0000000000000                0
         179  -7500.0000000000000       -8000.0000000000000                0
         180  -7000.0000000000000       -8000.0000000000000                0
         181  -6500.0000000000000       -8000.0000000000000                0
         182  -6000.0000000000000       -8000.0000000000000                0
         183  -5500.0000000000000       -8000.0000000000000                0
         184  -5000.0000000000000       -8000.0000000000000                0
         185  -4500.0000000000000       -8000.0000000000000                0
         186  -4000.0000000000000       -8000.0000000000000                0
         187  -3500.0000000000000       -8000.0000000000000                0
         188  -3000.0000000000000       -8000.0000000000000                0
         189  -2500.0000000000000       -8000.0000000000000                0
         190  -2000.0000000000000       -8000.0000000000000                0
         191  -1500.0000000000000       -8000.0000000000000                0
         192  -1000.0000000000000       -8000.0000000000000                0
         193  -500.00000000000000       -8000.0000000000000                0
         194   0.0000000000000000       -8000.0000000000000                0
         195   500.00000000000000       -8000.0000000000000                0
         196   1000.0000000000000       -8000.0000000000000                0
         197   1500.0000000000000       -8000.0000000000000                0
         198   2000.0000000000000       -8000.0000000000000                0
         199   2500.0000000000000       -8000.0000000000000                0
         200   3000.0000000000000       -8000.0000000000000                0
         201   3500.0000000000000       -8000.0000000000000                0
         202   4000.0000000000000       -8000.0000000000000                0
         203   4500.0000000000000       -8000.0000000000000                0
         204   5000.0000000000000       -8000.0000000000000                0
         205   5500.0000000000000       -8000.0000000000000                0
         206   6000.0000000000000       -8000.0000000000000                0
         207   6500.0000000000000       -8000.0000000000000                0
         208   7000.0000000000000       -8000.0000000000000                0
         209   7500.0000000000000       -8000.0000000000000                0
         210   8000.0000000000000       -8000.0000000000000                0
         211   8500.0000000000000       -8000.0000000000000                0
         212   9000.0000000000000       -8000.0000000000000                0
         213   9500.0000000000000       -8000.0000000000000                0
         214   10000.000000000000       -8000.0000000000000                0
         215   10500.000000000000       -8000.0000000000000                0
         216   11000.000000000000       -8000.0000000000000                0
         217   11500.000000000000       -8000.0000000000000                0
         218   12000.000000000000       -8000.0000000000000                0
         219   12500.000000000000       -8000.0000000000000                0
         220   13000.000000000000       -8000.0000000000000                0
         221   13500.000000000000       -8000.0000000000000                0
         222   14000.000000000000       -8000.0000000000000                0
         223   14500.000000000000       -8000.0000000000000                0
         224   15000.000000000000       -8000.0000000000000                0
         225   15500.000000000000       -8000.0000000000000                0
         226   16000.000000000000       -8000.0000000000000                0
         227   16500.000000000000       -8000.0000000000000                0
         228   17000.000000000000       -8000.0000000000000                0
         229   17500.000000000000       -8000.0000000000000                0
         230   18000.000000000000       -8000.0000000000000                0
         231   18500.000000000000       -8000.0000000000000                0
         232   19000.000000000000       -8000.0000000000000                0
         233   19500.000000000000       -8000.0000000000000                0
         234   20000.000000000000       -8000.0000000000000                0
         235   20500.000000000000       -8000.0000000000000                0
         236   21000.000000000000       -8000.0000000000000                0
         237   21500.000000000000       -8000.0000000000000                0
         238   22000.000000000000       -8000.0000000000000                0
         239   22500.000000000000       -8000.0000000000000                0
         240   23000.000000000000       -8000.0000000000000                0
         241   23500.000000000000       -8000.0000000000000                0
         242   24000.000000000000       -8000.0000000000000                0
         243   24500.000000000000       -8000.0000000000000                0
         244   25000.000000000000       -8000.0000000000000                0
         245   25500.000000000000       -8000.0000000000000                0
         246   26000.000000000000       -8000.0000000000000                0
         247   26500.000000000000       -8000.0000000000000                0
         248   27000.000000000000       -8000.0000000000000                0
         249   27500.000000000000       -8000.0000000000000                0
         250   28000.000000000000       -8000.0000000000000                0
         251   28500.000000000000       -8000.0000000000000                0
         252   29000.000000000000       -8000.0000000000000                0
         253   29500.000000000000       -8000.0000000000000                0
         254   30000.000000000000       -8000.0000000000000                0
         255   30500.000000000000       -8000.0000000000000                0
         256   31000.000000000000       -8000.0000000000000                0
         257   31500.000000000000       -8000.0000000000000                0
         258   32000.000000000000       -8000.0000000000000                1
         259  -32000.000000000000       -7500.0000000000000                1
         260  -31500.000000000000       -7500.0000000000000                0
         261  -31000.000000000000       -7500.0000000000000                0
         262  -30500.000000000000       -7500.0000000000000                0
         263  -30000.000000000000       -7500.0000000000000                0
         264  -29500.000000000000       -7500.0000000000000                0
         265  -29000.000000000000       -7500.0000000000000                0
         266  -28500.000000000000       -7500.0000000000000                0
         267  -28000.000000000000       -7500.0000000000000                0
         268  -27500.000000000000       -7500.0000000000000                0
         269  -27000.000000000000       -7500.0000000000000                0
         270  -26500.000000000000       -7500.0000000000000                0
         271  -26000.000000000000       -7500.0000000000000                0
         272  -25500.000000000000       -7500.0000000000000                0
         273  -25000.000000000000       -7500.0000000000000                0
         274  -24500.000000000000       -7500.0000000000000                0
         275  -24000.000000000000       -7500.0000000000000                0
         276  -23500.000000000000       -7500.0000000000000                0
         277  -23000.000000000000       -7500.0000000000000                0
         278  -22500.000000000000       -7500.0000000000000                0
         279  -22000.000000000000       -7500.0000000000000                0
         280  -21500.000000000000       -7500.0000000000000                0
         281  -21000.000000000000       -7500.0000000000000                0
         282  -20500.000000000000       -7500.0000000000000                0
         283  -20000.000000000000       -7500.0000000000000                0
         284  -19500.000000000000       -7500.0000000000000                0
         285  -19000.000000000000       -7500.0000000000000                0
         286  -18500.000000000000       -7500.0000000000000                0
         287  -18000.000000000000       -7500.0000000000000                0
         288  -17500.000000000000       -7500.0000000000000                0
         289  -17000.000000000000       -7500.0000000000000                0
         290  -16500.000000000000       -7500.0000000000000                0
         291  -16000.000000000000       -7500.0000000000000                0
         292  -15500.000000000000       -7500.0000000000000                0
         293  -15000.000000000000       -7500.0000000000000                0
         294  -14500.000000000000       -7500.0000000000000                0
         295  -14000.000000000000       -7500.0000000000000                0
         296  -13500.000000000000       -7500.0000000000000                0
         297  -13000.000000000000       -7500.0000000000000                0
         298  -12500.000000000000       -7500.0000000000000                0
         299  -12000.000000000000       -7500.0000000000000                0
         300  -11500.000000000000       -7500.0000000000000                0
         301  -11000.000000000000       -7500.0000000000000                0
         302  -10500.000000000000       -7500.0000000000000                0
         303  -10000.000000000000       -7500.0000000000000                0
         304  -9500.0000000000000       -7500.0000000000000                0
         305  -9000.0000000000000       -7500.0000000000000                0
         306  -8500.0000000000000       -7500.0000000000000                0
         307  -8000.0000000000000       -7500.0000000000000                0
         308  -7500.0000000000000       -7500.0000000000000                0
         309  -7000.0000000000000       -7500.0000000000000                0
         310  -6500.0000000000000       -7500.0000000000000                0
         311  -6000.0000000000000       -7500.0000000000000                0
         312  -5500.0000000000000       -7500.0000000000000                0
         313  -5000.0000000000000       -7500.0000000000000                0
         314  -4500.0000000000000       -7500.0000000000000                0
         315  -4000.0000000000000       -7500.0000000000000                0
         316  -3500.0000000000000       -7500.0000000000000                0
         317  -3000.0000000000000       -7500.0000000000000                0
         318  -2500.0000000000000       -7500.0000000000000                0
         319  -2000.0000000000000       -7500.0000000000000                0
         320  -1500.0000000000000       -7500.0000000000000                0
         321  -1000.0000000000000       -7500.0000000000000                0
         322  -500.00000000000000       -7500.0000000000000                0
         323   0.0000000000000000       -7500.0000000000000                0
         324   500.00000000000000       -7500.0000000000000                0
         325   1000.0000000000000       -7500.0000000000000                0
         326   1500.0000000000000       -7500.0000000000000                0
         327   2000.0000000000000       -7500.0000000000000                0
         328   2500.0000000000000       -7500.0000000000000                0
         329   3000.0000000000000       -7500.0000000000000                0
         330   3500.0000000000000       -7500.0000000000000                0
         331   4000.0000000000000       -7500.0000000000000                0
         332   4500.0000000000000       -7500.0000000000000                0
         333   5000.0000000000000       -7500.0000000000000                0
         334   5500.0000000000000       -7500.0000000000000                0
         335   6000.0000000000000       -7500.0000000000000                0
         336   6500.0000000000000       -7500.0000000000000                0
         337   7000.0000000000000       -7500.0000000000000                0
         338   7500.0000000000000       -7500.0000000000000                0
         339   8000.0000000000000       -7500.0000000000000                0
         340   8500.0000000000000       -7500.0000000000000                0
         341   9000.0000000000000       -7500.0000000000000                0
         342   9500.0000000000000       -7500.0000000000000                0
         343   10000.000000000000       -7500.0000000000000                0
         344   10500.000000000000       -7500.0000000000000                0
         345   11000.000000000000       -7500.0000000000000                0
         346   11500.000000000000       -7500.0000000000000                0
         347   12000.000000000000       -7500.0000000000000                0
         348   12500.000000000000       -7500.0000000000000                0
         349   13000.000000000000       -7500.0000000000000                0
         350   13500.000000000000       -7500.0000000000000                0
         351   14000.000000000000       -7500.0000000000000                0
         352   14500.000000000000       -7500.0000000000000                0
         353   15000.000000000000       -7500.0000000000000                0
         354   15500.000000000000       -7500.0000000000000                0
         355   16000.000000000000       -7500.0000000000000                0
         356   16500.000000000000       -7500.0000000000000                0
         357   17000.000000000000       -7500.0000000000000                0
         358   17500.000000000000       -7500.0000000000000                0
         359   18000.000000000000       -7500.0000000000000                0
         360   18500.000000000000       -7500.0000000000000                0
         361   19000.000000000000       -7500.0000000000000                0
         362   19500.000000000000       -7500.0000000000000                0
         363   20000.000000000000       -7500.0000000000000                0
         364   20500.000000000000       -7500.0000000000000                0
         365   21000.000000000000       -7500.0000000000000                0
         366   21500.000000000000       -7500.0000000000000                0
         367   22000.000000000000       -7500.0000000000000                0
         368   22500.000000000000       -7500.0000000000000                0
         369   23000.000000000000       -7500.0000000000000                0
         370   23500.000000000000       -7500.0000000000000                0
         371   24000.000000000000       -7500.0000000000000                0
         372   24500.000000000000       -7500.0000000000000                0
         373   25000.000000000000       -7500.0000000000000                0
         374   25500.000000000000       -7500.0000000000000                0
         375   26000.000000000000       -7500.0000000000000                0
         376   26500.000000000000       -7500.0000000000000                0
         377   27000.000000000000       -7500.0000000000000                0
         378   27500.000000000000       -7500.0000000000000                0
         379   28000.000000000000       -7500.0000000000000                0
         380   28500.000000000000       -7500.0000000000000                0
         381   29000.000000000000       -7500.0000000000000                0
         382   29500.000000000000       -7500.0000000000000                0
         383   30000.000000000000       -7500.0000000000000                0
         384   30500.000000000000       -7500.0000000000000                0
         385   31000.000000000000       -7500.0000000000000                0
         386   31500.000000000000       -7500.0000000000000                0
         387   32000.000000000000       -7500.0000000000000                1
         388  -32000.000000000000       -7000.0000000000000                1
         389  -31500.000000000000       -7000.0000000000000                0
         390  -31000.000000000000       -7000.0000000000000                0
         391  -30500.000000000000       -7000.0000000000000                0
         392  -30000.000000000000       -7000.0000000000000                0
         393  -29500.000000000000       -7000.0000000000000                0
         394  -29000.000000000000       -7000.0000000000000                0
         395  -28500.000000000000       -7000.0000000000000                0
         396  -28000.000000000000       -7000.0000000000000                0
         397  -27500.000000000000       -7000.0000000000000                0
         398  -27000.000000000000       -7000.0000000000000                0
         399  -26500.000000000000       -7000.0000000000000                0
         400  -26000.000000000000       -7000.0000000000000                0
         401  -25500.000000000000       -7000.0000000000000                0
         402  -25000.000000000000       -7000.0000000000000                0
         403  -24500.000000000000       -7000.0000000000000                0
         404  -24000.000000000000       -7000.0000000000000                0
         405  -23500.000000000000       -7000.0000000000000                0
         406  -23000.000000000000       -7000.0000000000000                0
         407  -22500.000000000000       -7000.0000000000000                0
         408  -22000.000000000000       -7000.0000000000000                0
         409  -21500.000000000000       -7000.0000000000000                0
         410  -21000.000000000000       -7000.0000000000000                0
         411  -20500.000000000000       -7000.0000000000000                0
         412  -20000.000000000000       -7000.0000000000000                0
         413  -19500.000000000000       -7000.0000000000000                0
         414  -19000.000000000000       -7000.0000000000000                0
         415  -18500.000000000000       -7000.0000000000000                0
         416  -18000.000000000000       -7000.0000000000000                0
         417  -17500.000000000000       -7000.0000000000000                0
         418  -17000.000000000000       -7000.0000000000000                0
         419  -16500.000000000000       -7000.0000000000000                0
         420  -16000.000000000000       -7000.0000000000000                0
         421  -15500.000000000000       -7000.0000000000000                0
         422  -15000.000000000000       -7000.0000000000000                0
         423  -14500.000000000000       -7000.0000000000000                0
         424  -14000.000000000000       -7000.0000000000000                0
         425  -13500.000000000000       -7000.0000000000000                0
         426  -13000.000000000000       -7000.0000000000000                0
         427  -12500.000000000000       -7000.0000000000000                0
         428  -12000.000000000000       -7000.0000000000000                0
         429  -11500.000000000000       -7000.0000000000000                0
         430  -11000.000000000000       -7000.0000000000000                0
         431  -10500.000000000000       -7000.0000000000000                0
         432  -10000.000000000000       -7000.0000000000000                0
         433  -9500.0000000000000       -7000.0000000000000                0
         434  -9000.0000000000000       -7000.0000000000000                0
         435  -8500.0000000000000       -7000.0000000000000                0
         436  -8000.0000000000000       -7000.0000000000000                0
         437  -7500.0000000000000       -7000.0000000000000                0
         438  -7000.0000000000000       -7000.0000000000000                0
         439  -6500.0000000000000       -7000.0000000000000                0
         440  -6000.0000000000000       -7000.0000000000000                0
         441  -5500.0000000000000       -7000.0000000000000                0
         442  -5000.0000000000000       -7000.0000000000000                0
         443  -4500.0000000000000       -7000.0000000000000                0
         444  -4000.0000000000000       -7000.0000000000000                0
         445  -3500.0000000000000       -7000.0000000000000                0
         446  -3000.0000000000000       -7000.0000000000000                0
         447  -2500.0000000000000       -7000.0000000000000                0
         448  -2000.0000000000000       -7000.0000000000000                0
         449  -1500.0000000000000       -7000.0000000000000                0
         450  -1000.0000000000000       -7000.0000000000000                0
         451  -500.00000000000000       -7000.0000000000000                0
         452   0.0000000000000000       -7000.0000000000000                0
         453   500.00000000000000       -7000.0000000000000                0
         454   1000.0000000000000       -7000.0000000000000                0
         455   1500.0000000000000       -7000.0000000000000                0
         456   2000.0000000000000       -7000.0000000000000                0
         457   2500.0000000000000       -7000.0000000000000                0
         458   3000.0000000000000       -7000.0000000000000                0
         459   3500.0000000000000       -7000.0000000000000                0
         460   4000.0000000000000       -7000.0000000000000                0
         461   4500.0000000000000       -7000.0000000000000                0
         462   5000.0000000000000       -7000.0000000000000                0
         463   5500.0000000000000       -7000.0000000000000                0
         464   6000.0000000000000       -7000.0000000000000                0
         465   6500.0000000000000       -7000.0000000000000                0
         466   7000.0000000000000       -7000.0000000000000                0
         467   7500.0000000000000       -7000.0000000000000                0
         468   8000.0000000000000       -7000.0000000000000                0
         469   8500.0000000000000       -7000.0000000000000                0
         470   9000.0000000000000       -7000.0000000000000                0
         471   9500.0000000000000       -7000.0000000000000                0
         472   10000.000000000000       -7000.0000000000000                0
         473   10500.000000000000       -7000.0000000000000                0
         474   11000.000000000000       -7000.0000000000000                0
         475   11500.000000000000       -7000.0000000000000                0
         476   12000.000000000000       -7000.0000000000000                0
         477   12500.000000000000       -7000.0000000000000                0
         478   13000.000000000000       -7000.0000000000000                0
         479   13500.000000000000       -7000.0000000000000                0
         480   14000.000000000000       -7000.0000000000000                0
         481   14500.000000000000       -7000.0000000000000                0
         482   15000.000000000000       -7000.0000000000000                0
         483   15500.000000000000       -7000.0000000000000                0
         484   16000.000000000000       -7000.0000000000000                0
         485   16500.000000000000       -7000.0000000000000                0
         486   17000.000000000000       -7000.0000000000000                0
         487   17500.000000000000       -7000.0000000000000                0
         488   18000.000000000000       -7000.0000000000000                0
         489   18500.000000000000       -7000.0000000000000                0
         490   19000.000000000000       -7000.0000000000000                0
         491   19500.000000000000       -7000.0000000000000                0
         492   20000.000000000000       -7000.0000000000000                0
         493   20500.000000000000       -7000.0000000000000                0
         494   21000.000000000000       -7000.0000000000000                0
         495   21500.000000000000       -7000.0000000000000                0
         496   22000.000000000000       -7000.0000000000000                0
         497   22500.000000000000       -7000.0000000000000                0
         498   23000.000000000000       -7000.0000000000000                0
         499   23500.000000000000       -7000.0000000000000                0
         500   24000.000000000000       -7000.0000000000000                0
         501   24500.000000000000       -7000.0000000000000                0
         502   25000.000000000000       -7000.0000000000000                0
         503   25500.000000000000       -7000.0000000000000                0
         504   26000.000000000000       -7000.0000000000000                0
         505   26500.000000000000       -7000.0000000000000                0
         506   27000.000000000000       -7000.0000000000000                0
         507   27500.000000000000       -7000.0000000000000                0
         508   28000.000000000000       -7000.0000000000000                0
         509   28500.000000000000       -7000.0000000000000                0
         510   29000.000000000000       -7000.0000000000000                0
         511   29500.000000000000       -7000.0000000000000                0
         512   30000.000000000000       -7000.0000000000000                0
         513   30500.000000000000       -7000.0000000000000                0
         514   31000.000000000000       -7000.0000000000000                0
         515   31500.000000000000       -7000.0000000000000                0
         516   32000.000000000000       -7000.0000000000000                1
         517  -32000.000000000000       -6500.0000000000000                1
         518  -31500.000000000000       -6500.0000000000000                0
         519  -31000.000000000000       -6500.0000000000000                0
         520  -30500.000000000000       -6500.0000000000000                0
         521  -30000.000000000000       -6500.0000000000000                0
         522  -29500.000000000000       -6500.0000000000000                0
         523  -29000.000000000000       -6500.0000000000000                0
         524  -28500.000000000000       -6500.0000000000000                0
         525  -28000.000000000000       -6500.0000000000000                0
         526  -27500.000000000000       -6500.0000000000000                0
         527  -27000.000000000000       -6500.0000000000000                0
         528  -26500.000000000000       -6500.0000000000000                0
         529  -26000.000000000000       -6500.0000000000000                0
         530  -25500.000000000000       -6500.0000000000000                0
         531  -25000.000000000000       -6500.0000000000000                0
         532  -24500.000000000000       -6500.0000000000000                0
         533  -24000.000000000000       -6500.0000000000000                0
         534  -23500.000000000000       -6500.0000000000000                0
         535  -23000.000000000000       -6500.0000000000000                0
         536  -22500.000000000000       -6500.0000000000000                0
         537  -22000.000000000000       -6500.0000000000000                0
         538  -21500.000000000000       -6500.0000000000000                0
         539  -21000.000000000000       -6500.0000000000000                0
         540  -20500.000000000000       -6500.0000000000000                0
         541  -20000.000000000000       -6500.0000000000000                0
         542  -19500.000000000000       -6500.0000000000000                0
         543  -19000.000000000000       -6500.0000000000000                0
         544  -18500.000000000000       -6500.0000000000000                0
         545  -18000.000000000000       -6500.0000000000000                0
         546  -17500.000000000000       -6500.0000000000000                0
         547  -17000.000000000000       -6500.0000000000000                0
         548  -16500.000000000000       -6500.0000000000000                0
         549  -16000.000000000000       -6500.0000000000000                0
         550  -15500.000000000000       -6500.0000000000000                0
         551  -15000.000000000000       -6500.0000000000000                0
         552  -14500.000000000000       -6500.0000000000000                0
         553  -14000.000000000000       -6500.0000000000000                0
         554  -13500.000000000000       -6500.0000000000000                0
         555  -13000.000000000000       -6500.0000000000000                0
         556  -12500.000000000000       -6500.0000000000000                0
         557  -12000.000000000000       -6500.0000000000000                0
         558  -11500.000000000000       -6500.0000000000000                0
         559  -11000.000000000000       -6500.0000000000000                0
         560  -10500.000000000000       -6500.0000000000000                0
         561  -10000.000000000000       -6500.0000000000000                0
         562  -9500.0000000000000       -6500.0000000000000                0
         563  -9000.0000000000000       -6500.0000000000000                0
         564  -8500.0000000000000       -6500.0000000000000                0
         565  -8000.0000000000000       -6500.0000000000000                0
         566  -7500.0000000000000       -6500.0000000000000                0
         567  -7000.0000000000000       -6500.0000000000000                0
         568  -6500.0000000000000       -6500.0000000000000                0
         569  -6000.0000000000000       -6500.0000000000000                0
         570  -5500.0000000000000       -6500.0000000000000                0
         571  -5000.0000000000000       -6500.0000000000000                0
         572  -4500.0000000000000       -6500.0000000000000                0
         573  -4000.0000000000000       -6500.0000000000000                0
         574  -3500.0000000000000       -6500.0000000000000                0
         575  -3000.0000000000000       -6500.0000000000000                0
         576  -2500.0000000000000       -6500.0000000000000                0
         577  -2000.0000000000000       -6500.0000000000000                0
         578  -1500.0000000000000       -6500.0000000000000                0
         579  -1000.0000000000000       -6500.0000000000000                0
         580  -500.00000000000000       -6500.0000000000000                0
         581   0.0000000000000000       -6500.0000000000000                0
         582   500.00000000000000       -6500.0000000000000                0
         583   1000.0000000000000       -6500.0000000000000                0
         584   1500.0000000000000       -6500.0000000000000                0
         585   2000.0000000000000       -6500.0000000000000                0
         586   2500.0000000000000       -6500.0000000000000                0
         587   3000.0000000000000       -6500.0000000000000                0
         588   3500.0000000000000       -6500.0000000000000                0
         589   4000.0000000000000       -6500.0000000000000                0
         590   4500.0000000000000       -6500.0000000000000                0
         591   5000.0000000000000       -6500.0000000000000                0
         592   5500.0000000000000       -6500.0000000000000                0
         593   6000.0000000000000       -6500.0000000000000                0
         594   6500.0000000000000       -6500.0000000000000                0
         595   7000.0000000000000       -6500.0000000000000                0
         596   7500.0000000000000       -6500.0000000000000                0
         597   8000.0000000000000       -6500.0000000000000                0
         598   8500.0000000000000       -6500.0000000000000                0
         599   9000.0000000000000       -6500.0000000000000                0
         600   9500.0000000000000       -6500.0000000000000                0
         601   10000.000000000000       -6500.0000000000000                0
         602   10500.000000000000       -6500.0000000000000                0
         603   11000.000000000000       -6500.0000000000000                0
         604   11500.000000000000       -6500.0000000000000                0
         605   12000.000000000000       -6500.0000000000000                0
         606   12500.000000000000       -6500.0000000000000                0
         607   13000.000000000000       -6500.0000000000000                0
         608   13500.000000000000       -6500.0000000000000                0
         609   14000.000000000000       -6500.0000000000000                0
         610   14500.000000000000       -6500.0000000000000                0
         611   15000.000000000000       -6500.0000000000000                0
         612   15500.000000000000       -6500.0000000000000                0
         613   16000.000000000000       -6500.0000000000000                0
         614   16500.000000000000       -6500.0000000000000                0
         615   17000.000000000000       -6500.0000000000000                0
         616   17500.000000000000       -6500.0000000000000                0
         617   18000.000000000000       -6500.0000000000000                0
         618   18500.000000000000       -6500.0000000000000                0
         619   19000.000000000000       -6500.0000000000000                0
         620   19500.000000000000       -6500.0000000000000                0
         621   20000.000000000000       -6500.0000000000000                0
         622   20500.000000000000       -6500.0000000000000                0
         623   21000.000000000000       -6500.0000000000000                0
         624   21500.000000000000       -6500.0000000000000                0
         625   22000.000000000000       -6500.0000000000000                0
         626   22500.000000000000       -6500.0000000000000                0
         627   23000.000000000000       -6500.0000000000000                0
         628   23500.000000000000       -6500.0000000000000                0
         629   24000.000000000000       -6500.0000000000000                0
         630   24500.000000000000       -6500.0000000000000                0
         631   25000.000000000000       -6500.0000000000000                0
         632   25500.000000000000       -6500.0000000000000                0
         633   26000.000000000000       -6500.0000000000000                0
         634   26500.000000000000       -6500.0000000000000                0
         635   27000.000000000000       -6500.0000000000000                0
         636   27500.000000000000       -6500.0000000000000                0
         637   28000.000000000000       -6500.0000000000000                0
         638   28500.000000000000       -6500.0000000000000                0
         639   29000.000000000000       -6500.0000000000000                0
         640   29500.000000000000       -6500.0000000000000                0
         641   30000.000000000000       -6500.0000000000000                0
         642   30500.000000000000       -6500.0000000000000                0
         643   31000.000000000000       -6500.0000000000000                0
         644   31500.000000000000       -6500.0000000000000                0
         645   32000.000000000000       -6500.0000000000000                1
         646  -32000.000000000000       -6000.0000000000000                1
         647  -31500.000000000000       -6000.0000000000000                0
         648  -31000.000000000000       -6000.0000000000000                0
         649  -30500.000000000000       -6000.0000000000000                0
         650  -30000.000000000000       -6000.0000000000000                0
         651  -29500.000000000000       -6000.0000000000000                0
         652  -29000.000000000000       -6000.0000000000000                0
         653  -28500.000000000000       -6000.0000000000000                0
         654  -28000.000000000000       -6000.0000000000000                0
         655  -27500.000000000000       -6000.0000000000000                0
         656  -27000.000000000000       -6000.0000000000000                0
         657  -26500.000000000000       -6000.0000000000000                0
         658  -26000.000000000000       -6000.0000000000000                0
         659  -25500.000000000000       -6000.0000000000000                0
         660  -25000.000000000000       -6000.0000000000000                0
         661  -24500.000000000000       -6000.0000000000000                0
         662  -24000.000000000000       -6000.0000000000000                0
         663  -23500.000000000000       -6000.0000000000000                0
         664  -23000.000000000000       -6000.0000000000000                0
         665  -22500.000000000000       -6000.0000000000000                0
         666  -22000.000000000000       -6000.0000000000000                0
         667  -21500.000000000000       -6000.0000000000000                0
         668  -21000.000000000000       -6000.0000000000000                0
         669  -20500.000000000000       -6000.0000000000000                0
         670  -20000.000000000000       -6000.0000000000000                0
         671  -19500.000000000000       -6000.0000000000000                0
         672  -19000.000000000000       -6000.0000000000000                0
         673  -18500.000000000000       -6000.0000000000000                0
         674  -18000.000000000000       -6000.0000000000000                0
         675  -17500.000000000000       -6000.0000000000000                0
         676  -17000.000000000000       -6000.0000000000000                0
         677  -16500.000000000000       -6000.0000000000000                0
         678  -16000.000000000000       -6000.0000000000000                0
         679  -15500.000000000000       -6000.0000000000000                0
         680  -15000.000000000000       -6000.0000000000000                0
         681  -14500.000000000000       -6000.0000000000000                0
         682  -14000.000000000000       -6000.0000000000000                0
         683  -13500.000000000000       -6000.0000000000000                0
         684  -13000.000000000000       -6000.0000000000000                0
         685  -12500.000000000000       -6000.0000000000000                0
         686  -12000.000000000000       -6000.0000000000000                0
         687  -11500.000000000000       -6000.0000000000000                0
         688  -11000.000000000000       -6000.0000000000000                0
         689  -10500.000000000000       -6000.0000000000000                0
         690  -10000.000000000000       -6000.0000000000000                0
         691  -9500.0000000000000       -6000.0000000000000                0
         692  -9000.0000000000000       -6000.0000000000000                0
         693  -8500.0000000000000       -6000.0000000000000                0
         694  -8000.0000000000000       -6000.0000000000000                0
         695  -7500.0000000000000       -6000.0000000000000                0
         696  -7000.0000000000000       -6000.0000000000000                0
         697  -6500.0000000000000       -6000.0000000000000                0
         698  -6000.0000000000000       -6000.0000000000000                0
         699  -5500.0000000000000       -6000.0000000000000                0
         700  -5000.0000000000000       -6000.0000000000000                0
         701  -4500.0000000000000       -6000.0000000000000                0
         702  -4000.0000000000000       -6000.0000000000000                0
         703  -3500.0000000000000       -6000.0000000000000                0
         704  -3000.0000000000000       -6000.0000000000000                0
         705  -2500.0000000000000       -6000.0000000000000                0
         706  -2000.0000000000000       -6000.0000000000000                0
         707  -1500.0000000000000       -6000.0000000000000                0
         708  -1000.0000000000000       -6000.0000000000000                0
         709  -500.00000000000000       -6000.0000000000000                0
         710   0.0000000000000000       -6000.0000000000000                0
         711   500.00000000000000       -6000.0000000000000                0
         712   1000.0000000000000       -6000.0000000000000                0
         713   1500.0000000000000       -6000.0000000000000                0
         714   2000.0000000000000       -6000.0000000000000                0
         715   2500.0000000000000       -6000.0000000000000                0
         716   3000.0000000000000       -6000.0000000000000                0
         717   3500.0000000000000       -6000.0000000000000                0
         718   4000.0000000000000       -6000.0000000000000                0
         719   4500.0000000000000       -6000.0000000000000                0
         720   5000.0000000000000       -6000.0000000000000                0
         721   5500.0000000000000       -6000.0000000000000                0
         722   6000.0000000000000       -6000.0000000000000                0
         723   6500.0000000000000       -6000.0000000000000                0
         724   7000.0000000000000       -6000.0000000000000                0
         725   7500.0000000000000       -6000.0000000000000                0
         726   8000.0000000000000       -6000.0000000000000                0
         727   8500.0000000000000       -6000.0000000000000                0
         728   9000.0000000000000       -6000.0000000000000                0
         729   9500.0000000000000       -6000.0000000000000                0
         730   10000.000000000000       -6000.0000000000000                0
         731   10500.000000000000       -6000.0000000000000                0
         732   11000.000000000000       -6000.0000000000000                0
         733   11500.000000000000       -6000.0000000000000                0
         734   12000.000000000000       -6000.0000000000000                0
         735   12500.000000000000       -6000.0000000000000                0
         736   13000.000000000000       -6000.0000000000000                0
         737   13500.000000000000       -6000.0000000000000                0
         738   14000.000000000000       -6000.0000000000000                0
         739   14500.000000000000       -6000.0000000000000                0
         740   15000.000000000000       -6000.0000000000000                0
         741   15500.000000000000       -6000.0000000000000                0
         742   16000.000000000000       -6000.0000000000000                0
         743   16500.000000000000       -6000.0000000000000                0
         744   17000.000000000000       -6000.0000000000000                0
         745   17500.000000000000       -6000.0000000000000                0
         746   18000.000000000000       -6000.0000000000000                0
         747   18500.000000000000       -6000.0000000000000                0
         748   19000.000000000000       -6000.0000000000000                0
         749   19500.000000000000       -6000.0000000000000                0
         750   20000.000000000000       -6000.0000000000000                0
         751   20500.000000000000       -6000.0000000000000                0
         752   21000.000000000000       -6000.0000000000000                0
         753   21500.000000000000       -6000.0000000000000                0
         754   22000.000000000000       -6000.0000000000000                0
         755   22500.000000000000       -6000.0000000000000                0
         756   23000.000000000000       -6000.0000000000000                0
         757   23500.000000000000       -6000.0000000000000                0
         758   24000.000000000000       -6000.0000000000000                0
         759   24500.000000000000       -6000.0000000000000                0
         760   25000.000000000000       -6000.0000000000000                0
         761   25500.000000000000       -6000.0000000000000                0
         762   26000.000000000000       -6000.0000000000000                0
         763   26500.000000000000       -6000.0000000000000                0
         764   27000.000000000000       -6000.0000000000000                0
         765   27500.000000000000       -6000.0000000000000                0
         766   28000.000000000000       -6000.0000000000000                0
         767   28500.000000000000       -6000.0000000000000                0
         768   29000.000000000000       -6000.0000000000000                0
         769   29500.000000000000       -6000.0000000000000                0
         770   30000.000000000000       -6000.0000000000000                0
         771   30500.000000000000       -6000.0000000000000                0
         772   31000.000000000000       -6000.0000000000000                0
         773   31500.000000000000       -6000.0000000000000                0
         774   32000.000000000000       -6000.0000000000000                1
         775  -32000.000000000000       -5500.0000000000000                1
         776  -31500.000000000000       -5500.0000000000000                0
         777  -31000.000000000000       -5500.0000000000000                0
         778  -30500.000000000000       -5500.0000000000000                0
         779  -30000.000000000000       -5500.0000000000000                0
         780  -29500.000000000000       -5500.0000000000000                0
         781  -29000.000000000000       -5500.0000000000000                0
         782  -28500.000000000000       -5500.0000000000000                0
         783  -28000.000000000000       -5500.0000000000000                0
         784  -27500.000000000000       -5500.0000000000000                0
         785  -27000.000000000000       -5500.0000000000000                0
         786  -26500.000000000000       -5500.0000000000000                0
         787  -26000.000000000000       -5500.0000000000000                0
         788  -25500.000000000000       -5500.0000000000000                0
         789  -25000.000000000000       -5500.0000000000000                0
         790  -24500.000000000000       -5500.0000000000000                0
         791  -24000.000000000000       -5500.0000000000000                0
         792  -23500.000000000000       -5500.0000000000000                0
         793  -23000.000000000000       -5500.0000000000000                0
         794  -22500.000000000000       -5500.0000000000000                0
         795  -22000.000000000000       -5500.0000000000000                0
         796  -21500.000000000000       -5500.0000000000000                0
         797  -21000.000000000000       -5500.0000000000000                0
         798  -20500.000000000000       -5500.0000000000000                0
         799  -20000.000000000000       -5500.0000000000000                0
         800  -19500.000000000000       -5500.0000000000000                0
         801  -19000.000000000000       -5500.0000000000000                0
         802  -18500.000000000000       -5500.0000000000000                0
         803  -18000.000000000000       -5500.0000000000000                0
         804  -17500.000000000000       -5500.0000000000000                0
         805  -17000.000000000000       -5500.0000000000000                0
         806  -16500.000000000000       -5500.0000000000000                0
         807  -16000.000000000000       -5500.0000000000000                0
         808  -15500.000000000000       -5500.0000000000000                0
         809  -15000.000000000000       -5500.0000000000000                0
         810  -14500.000000000000       -5500.0000000000000                0
         811  -14000.000000000000       -5500.0000000000000                0
         812  -13500.000000000000       -5500.0000000000000                0
         813  -13000.000000000000       -5500.0000000000000                0
         814  -12500.000000000000       -5500.0000000000000                0
         815  -12000.000000000000       -5500.0000000000000                0
         816  -11500.000000000000       -5500.0000000000000                0
         817  -11000.000000000000       -5500.0000000000000                0
         818  -10500.000000000000       -5500.0000000000000                0
         819  -10000.000000000000       -5500.0000000000000                0
         820  -9500.0000000000000       -5500.0000000000000                0
         821  -9000.0000000000000       -5500.0000000000000                0
         822  -8500.0000000000000       -5500.0000000000000                0
         823  -8000.0000000000000       -5500.0000000000000                0
         824  -7500.0000000000000       -5500.0000000000000                0
         825  -7000.0000000000000       -5500.0000000000000                0
         826  -6500.0000000000000       -5500.0000000000000                0
         827  -6000.0000000000000       -5500.0000000000000                0
         828  -5500.0000000000000       -5500.0000000000000                0
         829  -5000.0000000000000       -5500.0000000000000                0
         830  -4500.0000000000000       -5500.0000000000000                0
         831  -4000.0000000000000       -5500.0000000000000                0
         832  -3500.0000000000000       -5500.0000000000000                0
         833  -3000.0000000000000       -5500.0000000000000                0
         834  -2500.0000000000000       -5500.0000000000000                0
         835  -2000.0000000000000       -5500.0000000000000                0
         836  -1500.0000000000000       -5500.0000000000000                0
         837  -1000.0000000000000       -5500.0000000000000                0
         838  -500.00000000000000       -5500.0000000000000                0
         839   0.0000000000000000       -5500.0000000000000                0
         840   500.00000000000000       -5500.0000000000000                0
         841   1000.0000000000000       -5500.0000000000000                0
         842   1500.0000000000000       -5500.0000000000000                0
         843   2000.0000000000000       -5500.0000000000000                0
         844   2500.0000000000000       -5500.0000000000000                0
         845   3000.0000000000000       -5500.0000000000000                0
         846   3500.0000000000000       -5500.0000000000000                0
         847   4000.0000000000000       -5500.0000000000000                0
         848   4500.0000000000000       -5500.0000000000000                0
         849   5000.0000000000000       -5500.0000000000000                0
         850   5500.0000000000000       -5500.0000000000000                0
         851   6000.0000000000000       -5500.0000000000000                0
         852   6500.0000000000000       -5500.0000000000000                0
         853   7000.0000000000000       -5500.0000000000000                0
         854   7500.0000000000000       -5500.0000000000000                0
         855   8000.0000000000000       -5500.0000000000000                0
         856   8500.0000000000000       -5500.0000000000000                0
         857   9000.0000000000000       -5500.0000000000000                0
         858   9500.0000000000000       -5500.0000000000000                0
         859   10000.000000000000       -5500.0000000000000                0
         860   10500.000000000000       -5500.0000000000000                0
         861   11000.000000000000       -5500.0000000000000                0
         862   11500.000000000000       -5500.0000000000000                0
         863   12000.000000000000       -5500.0000000000000                0
         864   12500.000000000000       -5500.0000000000000                0
         865   13000.000000000000       -5500.0000000000000                0
         866   13500.000000000000       -5500.0000000000000                0
         867   14000.000000000000       -5500.0000000000000                0
         868   14500.000000000000       -5500.0000000000000                0
         869   15000.000000000000       -5500.0000000000000                0
         870   15500.000000000000       -5500.0000000000000                0
         871   16000.000000000000       -5500.0000000000000                0
         872   16500.000000000000       -5500.0000000000000                0
         873   17000.000000000000       -5500.0000000000000                0
         874   17500.000000000000       -5500.0000000000000                0
         875   18000.000000000000       -5500.0000000000000                0
         876   18500.000000000000       -5500.0000000000000                0
         877   19000.000000000000       -5500.0000000000000                0
         878   19500.000000000000       -5500.0000000000000                0
         879   20000.000000000000       -5500.0000000000000                0
         880   20500.000000000000       -5500.0000000000000                0
         881   21000.000000000000       -5500.0000000000000                0
         882   21500.000000000000       -5500.0000000000000                0
         883   22000.000000000000       -5500.0000000000000                0
         884   22500.000000000000       -5500.0000000000000                0
         885   23000.000000000000       -5500.0000000000000                0
         886   23500.000000000000       -5500.0000000000000                0
         887   24000.000000000000       -5500.0000000000000                0
         888   24500.000000000000       -5500.0000000000000                0
         889   25000.000000000000       -5500.0000000000000                0
         890   25500.000000000000       -5500.0000000000000                0
         891   26000.000000000000       -5500.0000000000000                0
         892   26500.000000000000       -5500.0000000000000                0
         893   27000.000000000000       -5500.0000000000000                0
         894   27500.000000000000       -5500.0000000000000                0
         895   28000.000000000000       -5500.0000000000000                0
         896   28500.000000000000       -5500.0000000000000                0
         897   29000.000000000000       -5500.0000000000000                0
         898   29500.000000000000       -5500.0000000000000                0
         899   30000.000000000000       -5500.0000000000000                0
         900   30500.000000000000       -5500.0000000000000                0
         901   31000.000000000000       -5500.0000000000000                0
         902   31500.000000000000       -5500.0000000000000                0
         903   32000.000000000000       -5500.0000000000000                1
         904  -32000.000000000000       -5000.0000000000000                1
         905  -31500.000000000000       -5000.0000000000000                0
         906  -31000.000000000000       -5000.0000000000000                0
         907  -30500.000000000000       -5000.0000000000000                0
         908  -30000.000000000000       -5000.0000000000000                0
         909  -29500.000000000000       -5000.0000000000000                0
         910  -29000.000000000000       -5000.0000000000000                0
         911  -28500.000000000000       -5000.0000000000000                0
         912  -28000.000000000000       -5000.0000000000000                0
         913  -27500.000000000000       -5000.0000000000000                0
         914  -27000.000000000000       -5000.0000000000000                0
         915  -26500.000000000000       -5000.0000000000000                0
         916  -26000.000000000000       -5000.0000000000000                0
         917  -25500.000000000000       -5000.0000000000000                0
         918  -25000.000000000000       -5000.0000000000000                0
         919  -24500.000000000000       -5000.0000000000000                0
         920  -24000.000000000000       -5000.0000000000000                0
         921  -23500.000000000000       -5000.0000000000000                0
         922  -23000.000000000000       -5000.0000000000000                0
         923  -22500.000000000000       -5000.0000000000000                0
         924  -22000.000000000000       -5000.0000000000000                0
         925  -21500.000000000000       -5000.0000000000000                0
         926  -21000.000000000000       -5000.0000000000000                0
         927  -20500.000000000000       -5000.0000000000000                0
         928  -20000.000000000000       -5000.0000000000000                0
         929  -19500.000000000000       -5000.0000000000000                0
         930  -19000.000000000000       -5000.0000000000000                0
         931  -18500.000000000000       -5000.0000000000000                0
         932  -18000.000000000000       -5000.0000000000000                0
         933  -17500.000000000000       -5000.0000000000000                0
         934  -17000.000000000000       -5000.0000000000000                0
         935  -16500.000000000000       -5000.0000000000000                0
         936  -16000.000000000000       -5000.0000000000000                0
         937  -15500.000000000000       -5000.0000000000000                0
         938  -15000.000000000000       -5000.0000000000000                0
         939  -14500.000000000000       -5000.0000000000000                0
         940  -14000.000000000000       -5000.0000000000000                0
         941  -13500.000000000000       -5000.0000000000000                0
         942  -13000.000000000000       -5000.0000000000000                0
         943  -12500.000000000000       -5000.0000000000000                0
         944  -12000.000000000000       -5000.0000000000000                0
         945  -11500.000000000000       -5000.0000000000000                0
         946  -11000.000000000000       -5000.0000000000000                0
         947  -10500.000000000000       -5000.0000000000000                0
         948  -10000.000000000000       -5000.0000000000000                0
         949  -9500.0000000000000       -5000.0000000000000                0
         950  -9000.0000000000000       -5000.0000000000000                0
         951  -8500.0000000000000       -5000.0000000000000                0
         952  -8000.0000000000000       -5000.0000000000000                0
         953  -7500.0000000000000       -5000.0000000000000                0
         954  -7000.0000000000000       -5000.0000000000000                0
         955  -6500.0000000000000       -5000.0000000000000                0
         956  -6000.0000000000000       -5000.0000000000000                0
         957  -5500.0000000000000       -5000.0000000000000                0
         958  -5000.0000000000000       -5000.0000000000000                0
         959  -4500.0000000000000       -5000.0000000000000                0
         960  -4000.0000000000000       -5000.0000000000000                0
         961  -3500.0000000000000       -5000.0000000000000                0
         962  -3000.0000000000000       -5000.0000000000000                0
         963  -2500.0000000000000       -5000.0000000000000                0
         964  -2000.0000000000000       -5000.0000000000000                0
         965  -1500.0000000000000       -5000.0000000000000                0
         966  -1000.0000000000000       -5000.0000000000000                0
         967  -500.00000000000000       -5000.0000000000000                0
         968   0.0000000000000000       -5000.0000000000000                0
         969   500.00000000000000       -5000.0000000000000                0
         970   1000.0000000000000       -5000.0000000000000                0
         971   1500.0000000000000       -5000.0000000000000                0
         972   2000.0000000000000       -5000.0000000000000                0
         973   2500.0000000000000       -5000.0000000000000                0
         974   3000.0000000000000       -5000.0000000000000                0
         975   3500.0000000000000       -5000.0000000000000                0
         976   4000.0000000000000       -5000.0000000000000                0
         977   4500.0000000000000       -5000.0000000000000                0
         978   5000.0000000000000       -5000.0000000000000                0
         979   5500.0000000000000       -5000.0000000000000                0
         980   6000.0000000000000       -5000.0000000000000                0
         981   6500.0000000000000       -5000.0000000000000                0
         982   7000.0000000000000       -5000.0000000000000                0
         983   7500.0000000000000       -5000.0000000000000                0
         984   8000.0000000000000       -5000.0000000000000                0
         985   8500.0000000000000       -5000.0000000000000                0
         986   9000.0000000000000       -5000.0000000000000                0
         987   9500.0000000000000       -5000.0000000000000                0
         988   10000.000000000000       -5000.0000000000000                0
         989   10500.000000000000       -5000.0000000000000                0
         990   11000.000000000000       -5000.0000000000000                0
         991   11500.000000000000       -5000.0000000000000                0
         992   12000.000000000000       -5000.0000000000000                0
         993   12500.000000000000       -5000.0000000000000                0
         994   13000.000000000000       -5000.0000000000000                0
         995   13500.000000000000       -5000.0000000000000                0
         996   14000.000000000000       -5000.0000000000000                0
         997   14500.000000000000       -5000.0000000000000                0
         998   15000.000000000000       -5000.0000000000000                0
         999   15500.000000000000       -5000.0000000000000                0
        1000   16000.000000000000       -5000.0000000000000                0
        1001   16500.000000000000       -5000.0000000000000                0
        1002   17000.000000000000       -5000.0000000000000                0
        1003   17500.000000000000       -5000.0000000000000                0
        1004   18000.000000000000       -5000.0000000000000                0
        1005   18500.000000000000       -5000.0000000000000                0
        1006   19000.000000000000       -5000.0000000000000                0
        1007   19500.000000000000       -5000.0000000000000                0
        1008   20000.000000000000       -5000.0000000000000                0
        1009   20500.000000000000       -5000.0000000000000                0
        1010   21000.000000000000       -5000.0000000000000                0
        1011   21500.000000000000       -5000.0000000000000                0
        1012   22000.000000000000       -5000.0000000000000                0
        1013   22500.000000000000       -5000.0000000000000                0
        1014   23000.000000000000       -5000.0000000000000                0
        1015   23500.000000000000       -5000.0000000000000                0
        1016   24000.000000000000       -5000.0000000000000                0
        1017   24500.000000000000       -5000.0000000000000                0
        1018   25000.000000000000       -5000.0000000000000                0
        1019   25500.000000000000       -5000.0000000000000                0
        1020   26000.000000000000       -5000.0000000000000                0
        1021   26500.000000000000       -5000.0000000000000                0
        1022   27000.000000000000       -5000.0000000000000                0
        1023   27500.000000000000       -5000.0000000000000                0
        1024   28000.000000000000       -5000.0000000000000                0
        1025   28500.000000000000       -5000.0000000000000                0
        1026   29000.000000000000       -5000.0000000000000                0
        1027   29500.000000000000       -5000.0000000000000                0
        1028   30000.000000000000       -5000.0000000000000                0
        1029   30500.000000000000       -5000.0000000000000                0
        1030   31000.000000000000       -5000.0000000000000                0
        1031   31500.000000000000       -5000.0000000000000                0
        1032   32000.000000000000       -5000.0000000000000                1
        1033  -32000.000000000000       -4500.0000000000000                1
        1034  -31500.000000000000       -4500.0000000000000                0
        1035  -31000.000000000000       -4500.0000000000000                0
        1036  -30500.000000000000       -4500.0000000000000                0
        1037  -30000.000000000000       -4500.0000000000000                0
        1038  -29500.000000000000       -4500.0000000000000                0
        1039  -29000.000000000000       -4500.0000000000000                0
        1040  -28500.000000000000       -4500.0000000000000                0
        1041  -28000.000000000000       -4500.0000000000000                0
        1042  -27500.000000000000       -4500.0000000000000                0
        1043  -27000.000000000000       -4500.0000000000000                0
        1044  -26500.000000000000       -4500.0000000000000                0
        1045  -26000.000000000000       -4500.0000000000000                0
        1046  -25500.000000000000       -4500.0000000000000                0
        1047  -25000.000000000000       -4500.0000000000000                0
        1048  -24500.000000000000       -4500.0000000000000                0
        1049  -24000.000000000000       -4500.0000000000000                0
        1050  -23500.000000000000       -4500.0000000000000                0
        1051  -23000.000000000000       -4500.0000000000000                0
        1052  -22500.000000000000       -4500.0000000000000                0
        1053  -22000.000000000000       -4500.0000000000000                0
        1054  -21500.000000000000       -4500.0000000000000                0
        1055  -21000.000000000000       -4500.0000000000000                0
        1056  -20500.000000000000       -4500.0000000000000                0
        1057  -20000.000000000000       -4500.0000000000000                0
        1058  -19500.000000000000       -4500.0000000000000                0
        1059  -19000.000000000000       -4500.0000000000000                0
        1060  -18500.000000000000       -4500.0000000000000                0
        1061  -18000.000000000000       -4500.0000000000000                0
        1062  -17500.000000000000       -4500.0000000000000                0
        1063  -17000.000000000000       -4500.0000000000000                0
        1064  -16500.000000000000       -4500.0000000000000                0
        1065  -16000.000000000000       -4500.0000000000000                0
        1066  -15500.000000000000       -4500.0000000000000                0
        1067  -15000.000000000000       -4500.0000000000000                0
        1068  -14500.000000000000       -4500.0000000000000                0
        1069  -14000.000000000000       -4500.0000000000000                0
        1070  -13500.000000000000       -4500.0000000000000                0
        1071  -13000.000000000000       -4500.0000000000000                0
        1072  -12500.000000000000       -4500.0000000000000                0
        1073  -12000.000000000000       -4500.0000000000000                0
        1074  -11500.000000000000       -4500.0000000000000                0
        1075  -11000.000000000000       -4500.0000000000000                0
        1076  -10500.000000000000       -4500.0000000000000                0
        1077  -10000.000000000000       -4500.0000000000000                0
        1078  -9500.0000000000000       -4500.0000000000000                0
        1079  -9000.0000000000000       -4500.0000000000000                0
        1080  -8500.0000000000000       -4500.0000000000000                0
        1081  -8000.0000000000000       -4500.0000000000000                0
        1082  -7500.0000000000000       -4500.0000000000000                0
        1083  -7000.0000000000000       -4500.0000000000000                0
        1084  -6500.0000000000000       -4500.0000000000000                0
        1085  -6000.0000000000000       -4500.0000000000000                0
        1086  -5500.0000000000000       -4500.0000000000000                0
        1087  -5000.0000000000000       -4500.0000000000000                0
        1088  -4500.0000000000000       -4500.0000000000000                0
        1089  -4000.0000000000000       -4500.0000000000000                0
        1090  -3500.0000000000000       -4500.0000000000000                0
        1091  -3000.0000000000000       -4500.0000000000000                0
        1092  -2500.0000000000000       -4500.0000000000000                0
        1093  -2000.0000000000000       -4500.0000000000000                0
        1094  -1500.0000000000000       -4500.0000000000000                0
        1095  -1000.0000000000000       -4500.0000000000000                0
        1096  -500.00000000000000       -4500.0000000000000                0
        1097   0.0000000000000000       -4500.0000000000000                0
        1098   500.00000000000000       -4500.0000000000000                0
        1099   1000.0000000000000       -4500.0000000000000                0
        1100   1500.0000000000000       -4500.0000000000000                0
        1101   2000.0000000000000       -4500.0000000000000                0
        1102   2500.0000000000000       -4500.0000000000000                0
        1103   3000.0000000000000       -4500.0000000000000                0
        1104   3500.0000000000000       -4500.0000000000000                0
        1105   4000.0000000000000       -4500.0000000000000                0
        1106   4500.0000000000000       -4500.0000000000000                0
        1107   5000.0000000000000       -4500.0000000000000                0
        1108   5500.0000000000000       -4500.0000000000000                0
        1109   6000.0000000000000       -4500.0000000000000                0
        1110   6500.0000000000000       -4500.0000000000000                0
        1111   7000.0000000000000       -4500.0000000000000                0
        1112   7500.0000000000000       -4500.0000000000000                0
        1113   8000.0000000000000       -4500.0000000000000                0
        1114   8500.0000000000000       -4500.0000000000000                0
        1115   9000.0000000000000       -4500.0000000000000                0
        1116   9500.0000000000000       -4500.0000000000000                0
        1117   10000.000000000000       -4500.0000000000000                0
        1118   10500.000000000000       -4500.0000000000000                0
        1119   11000.000000000000       -4500.0000000000000                0
        1120   11500.000000000000       -4500.0000000000000                0
        1121   12000.000000000000       -4500.0000000000000                0
        1122   12500.000000000000       -4500.0000000000000                0
        1123   13000.000000000000       -4500.0000000000000                0
        1124   13500.000000000000       -4500.0000000000000                0
        1125   14000.000000000000       -4500.0000000000000                0
        1126   14500.000000000000       -4500.0000000000000                0
        1127   15000.000000000000       -4500.0000000000000                0
        1128   15500.000000000000       -4500.0000000000000                0
        1129   16000.000000000000       -4500.0000000000000                0
        1130   16500.000000000000       -4500.0000000000000                0
        1131   17000.000000000000       -4500.0000000000000                0
        1132   17500.000000000000       -4500.0000000000000                0
        1133   18000.000000000000       -4500.0000000000000                0
        1134   18500.000000000000       -4500.0000000000000                0
        1135   19000.000000000000       -4500.0000000000000                0
        1136   19500.000000000000       -4500.0000000000000                0
        1137   20000.000000000000       -4500.0000000000000                0
        1138   20500.000000000000       -4500.0000000000000                0
        1139   21000.000000000000       -4500.0000000000000                0
        1140   21500.000000000000       -4500.0000000000000                0
        1141   22000.000000000000       -4500.0000000000000                0
        1142   22500.000000000000       -4500.0000000000000                0
        1143   23000.000000000000       -4500.0000000000000                0
        1144   23500.000000000000       -4500.0000000000000                0
        1145   24000.000000000000       -4500.0000000000000                0
        1146   24500.000000000000       -4500.0000000000000                0
        1147   25000.000000000000       -4500.0000000000000                0
        1148   25500.000000000000       -4500.0000000000000                0
        1149   26000.000000000000       -4500.0000000000000                0
        1150   26500.000000000000       -4500.0000000000000                0
        1151   27000.000000000000       -4500.0000000000000                0
        1152   27500.000000000000       -4500.0000000000000                0
        1153   28000.000000000000       -4500.0000000000000                0
        1154   28500.000000000000       -4500.0000000000000                0
        1155   29000.000000000000       -4500.0000000000000                0
        1156   29500.000000000000       -4500.0000000000000                0
        1157   30000.000000000000       -4500.0000000000000                0
        1158   30500.000000000000       -4500.0000000000000                0
        1159   31000.000000000000       -4500.0000000000000                0
        1160   31500.000000000000       -4500.0000000000000                0
        1161   32000.000000000000       -4500.0000000000000                1
        1162  -32000.000000000000       -4000.0000000000000                1
        1163  -31500.000000000000       -4000.0000000000000                0
        1164  -31000.000000000000       -4000.0000000000000                0
        1165  -30500.000000000000       -4000.0000000000000                0
        1166  -30000.000000000000       -4000.0000000000000                0
        1167  -29500.000000000000       -4000.0000000000000                0
        1168  -29000.000000000000       -4000.0000000000000                0
        1169  -28500.000000000000       -4000.0000000000000                0
        1170  -28000.000000000000       -4000.0000000000000                0
        1171  -27500.000000000000       -4000.0000000000000                0
        1172  -27000.000000000000       -4000.0000000000000                0
        1173  -26500.000000000000       -4000.0000000000000                0
        1174  -26000.000000000000       -4000.0000000000000                0
        1175  -25500.000000000000       -4000.0000000000000                0
        1176  -25000.000000000000       -4000.0000000000000                0
        1177  -24500.000000000000       -4000.0000000000000                0
        1178  -24000.000000000000       -4000.0000000000000                0
        1179  -23500.000000000000       -4000.0000000000000                0
        1180  -23000.000000000000       -4000.0000000000000                0
        1181  -22500.000000000000       -4000.0000000000000                0
        1182  -22000.000000000000       -4000.0000000000000                0
        1183  -21500.000000000000       -4000.0000000000000                0
        1184  -21000.000000000000       -4000.0000000000000                0
        1185  -20500.000000000000       -4000.0000000000000                0
        1186  -20000.000000000000       -4000.0000000000000                0
        1187  -19500.000000000000       -4000.0000000000000                0
        1188  -19000.000000000000       -4000.0000000000000                0
        1189  -18500.000000000000       -4000.0000000000000                0
        1190  -18000.000000000000       -4000.0000000000000                0
        1191  -17500.000000000000       -4000.0000000000000                0
        1192  -17000.000000000000       -4000.0000000000000                0
        1193  -16500.000000000000       -4000.0000000000000                0
        1194  -16000.000000000000       -4000.0000000000000                0
        1195  -15500.000000000000       -4000.0000000000000                0
        1196  -15000.000000000000       -4000.0000000000000                0
        1197  -14500.000000000000       -4000.0000000000000                0
        1198  -14000.000000000000       -4000.0000000000000                0
        1199  -13500.000000000000       -4000.0000000000000                0
        1200  -13000.000000000000       -4000.0000000000000                0
        1201  -12500.000000000000       -4000.0000000000000                0
        1202  -12000.000000000000       -4000.0000000000000                0
        1203  -11500.000000000000       -4000.0000000000000                0
        1204  -11000.000000000000       -4000.0000000000000                0
        1205  -10500.000000000000       -4000.0000000000000                0
        1206  -10000.000000000000       -4000.0000000000000                0
        1207  -9500.0000000000000       -4000.0000000000000                0
        1208  -9000.0000000000000       -4000.0000000000000                0
        1209  -8500.0000000000000       -4000.0000000000000                0
        1210  -8000.0000000000000       -4000.0000000000000                0
        1211  -7500.0000000000000       -4000.0000000000000                0
        1212  -7000.0000000000000       -4000.0000000000000                0
        1213  -6500.0000000000000       -4000.0000000000000                0
        1214  -6000.0000000000000       -4000.0000000000000                0
        1215  -5500.0000000000000       -4000.0000000000000                0
        1216  -5000.0000000000000       -4000.0000000000000                0
        1217  -4500.0000000000000       -4000.0000000000000                0
        1218  -4000.0000000000000       -4000.0000000000000                0
        1219  -3500.0000000000000       -4000.0000000000000                0
        1220  -3000.0000000000000       -4000.0000000000000                0
        1221  -2500.0000000000000       -4000.0000000000000                0
        1222  -2000.0000000000000       -4000.0000000000000                0
        1223  -1500.0000000000000       -4000.0000000000000                0
        1224  -1000.0000000000000       -4000.0000000000000                0
        1225  -500.00000000000000       -4000.0000000000000                0
        1226   0.0000000000000000       -4000.0000000000000                0
        1227   500.00000000000000       -4000.0000000000000                0
        1228   1000.0000000000000       -4000.0000000000000                0
        1229   1500.0000000000000       -4000.0000000000000                0
        1230   2000.0000000000000       -4000.0000000000000                0
        1231   2500.0000000000000       -4000.0000000000000                0
        1232   3000.0000000000000       -4000.0000000000000                0
        1233   3500.0000000000000       -4000.0000000000000                0
        1234   4000.0000000000000       -4000.0000000000000                0
        1235   4500.0000000000000       -4000.0000000000000                0
        1236   5000.0000000000000       -4000.0000000000000                0
        1237   5500.0000000000000       -4000.0000000000000                0
        1238   6000.0000000000000       -4000.0000000000000                0
        1239   6500.0000000000000       -4000.0000000000000                0
        1240   7000.0000000000000       -4000.0000000000000                0
        1241   7500.0000000000000       -4000.0000000000000                0
        1242   8000.0000000000000       -4000.0000000000000                0
        1243   8500.0000000000000       -4000.0000000000000                0
        1244   9000.0000000000000       -4000.0000000000000                0
        1245   9500.0000000000000       -4000.0000000000000                0
        1246   10000.000000000000       -4000.0000000000000                0
        1247   10500.000000000000       -4000.0000000000000                0
        1248   11000.000000000000       -4000.0000000000000                0
        1249   11500.000000000000       -4000.0000000000000                0
        1250   12000.000000000000       -4000.0000000000000                0
        1251   12500.000000000000       -4000.0000000000000                0
        1252   13000.000000000000       -4000.0000000000000                0
        1253   13500.000000000000       -4000.0000000000000                0
        1254   14000.000000000000       -4000.0000000000000                0
        1255   14500.000000000000       -4000.0000000000000                0
        1256   15000.000000000000       -4000.0000000000000                0
        1257   15500.000000000000       -4000.0000000000000                0
        1258   16000.000000000000       -4000.0000000000000                0
        1259   16500.000000000000       -4000.0000000000000                0
        1260   17000.000000000000       -4000.0000000000000                0
        1261   17500.000000000000       -4000.0000000000000                0
        1262   18000.000000000000       -4000.0000000000000                0
        1263   18500.000000000000       -4000.0000000000000                0
        1264   19000.000000000000       -4000.0000000000000                0
        1265   19500.000000000000       -4000.0000000000000                0
        1266   20000.000000000000       -4000.0000000000000                0
        1267   20500.000000000000       -4000.0000000000000                0
        1268   21000.000000000000       -4000.0000000000000                0
        1269   21500.000000000000       -4000.0000000000000                0
        1270   22000.000000000000       -4000.0000000000000                0
        1271   22500.000000000000       -4000.0000000000000                0
        1272   23000.000000000000       -4000.0000000000000                0
        1273   23500.000000000000       -4000.0000000000000                0
        1274   24000.000000000000       -4000.0000000000000                0
        1275   24500.000000000000       -4000.0000000000000                0
        1276   25000.000000000000       -4000.0000000000000                0
        1277   25500.000000000000       -4000.0000000000000                0
        1278   26000.000000000000       -4000.0000000000000                0
        1279   26500.000000000000       -4000.0000000000000                0
        1280   27000.000000000000       -4000.0000000000000                0
        1281   27500.000000000000       -4000.0000000000000                0
        1282   28000.000000000000       -4000.0000000000000                0
        1283   28500.000000000000       -4000.0000000000000                0
        1284   29000.000000000000       -4000.0000000000000                0
        1285   29500.000000000000       -4000.0000000000000                0
        1286   30000.000000000000       -4000.0000000000000                0
        1287   30500.000000000000       -4000.0000000000000                0
        1288   31000.000000000000       -4000.0000000000000                0
        1289   31500.000000000000       -4000.0000000000000                0
        1290   32000.000000000000       -4000.0000000000000                1
        1291  -32000.000000000000       -3500.0000000000000                1
        1292  -31500.000000000000       -3500.0000000000000                0
        1293  -31000.000000000000       -3500.0000000000000                0
        1294  -30500.000000000000       -3500.0000000000000                0
        1295  -30000.000000000000       -3500.0000000000000                0
        1296  -29500.000000000000       -3500.0000000000000                0
        1297  -29000.000000000000       -3500.0000000000000                0
        1298  -28500.000000000000       -3500.0000000000000                0
        1299  -28000.000000000000       -3500.0000000000000                0
        1300  -27500.000000000000       -3500.0000000000000                0
        1301  -27000.000000000000       -3500.0000000000000                0
        1302  -26500.000000000000       -3500.0000000000000                0
        1303  -26000.000000000000       -3500.0000000000000                0
        1304  -25500.000000000000       -3500.0000000000000                0
        1305  -25000.000000000000       -3500.0000000000000                0
        1306  -24500.000000000000       -3500.0000000000000                0
        1307  -24000.000000000000       -3500.0000000000000                0
        1308  -23500.000000000000       -3500.0000000000000                0
        1309  -23000.000000000000       -3500.0000000000000                0
        1310  -22500.000000000000       -3500.0000000000000                0
        1311  -22000.000000000000       -3500.0000000000000                0
        1312  -21500.000000000000       -3500.0000000000000                0
        1313  -21000.000000000000       -3500.0000000000000                0
        1314  -20500.000000000000       -3500.0000000000000                0
        1315  -20000.000000000000       -3500.0000000000000                0
        1316  -19500.000000000000       -3500.0000000000000                0
        1317  -19000.000000000000       -3500.0000000000000                0
        1318  -18500.000000000000       -3500.0000000000000                0
        1319  -18000.000000000000       -3500.0000000000000                0
        1320  -17500.000000000000       -3500.0000000000000                0
        1321  -17000.000000000000       -3500.0000000000000                0
        1322  -16500.000000000000       -3500.0000000000000                0
        1323  -16000.000000000000       -3500.0000000000000                0
        1324  -15500.000000000000       -3500.0000000000000                0
        1325  -15000.000000000000       -3500.0000000000000                0
        1326  -14500.000000000000       -3500.0000000000000                0
        1327  -14000.000000000000       -3500.0000000000000                0
        1328  -13500.000000000000       -3500.0000000000000                0
        1329  -13000.000000000000       -3500.0000000000000                0
        1330  -12500.000000000000       -3500.0000000000000                0
        1331  -12000.000000000000       -3500.0000000000000                0
        1332  -11500.000000000000       -3500.0000000000000                0
        1333  -11000.000000000000       -3500.0000000000000                0
        1334  -10500.000000000000       -3500.0000000000000                0
        1335  -10000.000000000000       -3500.0000000000000                0
        1336  -9500.0000000000000       -3500.0000000000000                0
        1337  -9000.0000000000000       -3500.0000000000000                0
        1338  -8500.0000000000000       -3500.0000000000000                0
        1339  -8000.0000000000000       -3500.0000000000000                0
        1340  -7500.0000000000000       -3500.0000000000000                0
        1341  -7000.0000000000000       -3500.0000000000000                0
        1342  -6500.0000000000000       -3500.0000000000000                0
        1343  -6000.0000000000000       -3500.0000000000000                0
        1344  -5500.0000000000000       -3500.0000000000000                0
        1345  -5000.0000000000000       -3500.0000000000000                0
        1346  -4500.0000000000000       -3500.0000000000000                0
        1347  -4000.0000000000000       -3500.0000000000000                0
        1348  -3500.0000000000000       -3500.0000000000000                0
        1349  -3000.0000000000000       -3500.0000000000000                0
        1350  -2500.0000000000000       -3500.0000000000000                0
        1351  -2000.0000000000000       -3500.0000000000000                0
        1352  -1500.0000000000000       -3500.0000000000000                0
        1353  -1000.0000000000000       -3500.0000000000000                0
        1354  -500.00000000000000       -3500.0000000000000                0
        1355   0.0000000000000000       -3500.0000000000000                0
        1356   500.00000000000000       -3500.0000000000000                0
        1357   1000.0000000000000       -3500.0000000000000                0
        1358   1500.0000000000000       -3500.0000000000000                0
        1359   2000.0000000000000       -3500.0000000000000                0
        1360   2500.0000000000000       -3500.0000000000000                0
        1361   3000.0000000000000       -3500.0000000000000                0
        1362   3500.0000000000000       -3500.0000000000000                0
        1363   4000.0000000000000       -3500.0000000000000                0
        1364   4500.0000000000000       -3500.0000000000000                0
        1365   5000.0000000000000       -3500.0000000000000                0
        1366   5500.0000000000000       -3500.0000000000000                0
        1367   6000.0000000000000       -3500.0000000000000                0
        1368   6500.0000000000000       -3500.0000000000000                0
        1369   7000.0000000000000       -3500.0000000000000                0
        1370   7500.0000000000000       -3500.0000000000000                0
        1371   8000.0000000000000       -3500.0000000000000                0
        1372   8500.0000000000000       -3500.0000000000000                0
        1373   9000.0000000000000       -3500.0000000000000                0
        1374   9500.0000000000000       -3500.0000000000000                0
        1375   10000.000000000000       -3500.0000000000000                0
        1376   10500.000000000000       -3500.0000000000000                0
        1377   11000.000000000000       -3500.0000000000000                0
        1378   11500.000000000000       -3500.0000000000000                0
        1379   12000.000000000000       -3500.0000000000000                0
        1380   12500.000000000000       -3500.0000000000000                0
        1381   13000.000000000000       -3500.0000000000000                0
        1382   13500.000000000000       -3500.0000000000000                0
        1383   14000.000000000000       -3500.0000000000000                0
        1384   14500.000000000000       -3500.0000000000000                0
        1385   15000.000000000000       -3500.0000000000000                0
        1386   15500.000000000000       -3500.0000000000000                0
        1387   16000.000000000000       -3500.0000000000000                0
        1388   16500.000000000000       -3500.0000000000000                0
        1389   17000.000000000000       -3500.0000000000000                0
        1390   17500.000000000000       -3500.0000000000000                0
        1391   18000.000000000000       -3500.0000000000000                0
        1392   18500.000000000000       -3500.0000000000000                0
        1393   19000.000000000000       -3500.0000000000000                0
        1394   19500.000000000000       -3500.0000000000000                0
        1395   20000.000000000000       -3500.0000000000000                0
        1396   20500.000000000000       -3500.0000000000000                0
        1397   21000.000000000000       -3500.0000000000000                0
        1398   21500.000000000000       -3500.0000000000000                0
        1399   22000.000000000000       -3500.0000000000000                0
        1400   22500.000000000000       -3500.0000000000000                0
        1401   23000.000000000000       -3500.0000000000000                0
        1402   23500.000000000000       -3500.0000000000000                0
        1403   24000.000000000000       -3500.0000000000000                0
        1404   24500.000000000000       -3500.0000000000000                0
        1405   25000.000000000000       -3500.0000000000000                0
        1406   25500.000000000000       -3500.0000000000000                0
        1407   26000.000000000000       -3500.0000000000000                0
        1408   26500.000000000000       -3500.0000000000000                0
        1409   27000.000000000000       -3500.0000000000000                0
        1410   27500.000000000000       -3500.0000000000000                0
        1411   28000.000000000000       -3500.0000000000000                0
        1412   28500.000000000000       -3500.0000000000000                0
        1413   29000.000000000000       -3500.0000000000000                0
        1414   29500.000000000000       -3500.0000000000000                0
        1415   30000.000000000000       -3500.0000000000000                0
        1416   30500.000000000000       -3500.0000000000000                0
        1417   31000.000000000000       -3500.0000000000000                0
        1418   31500.000000000000       -3500.0000000000000                0
        1419   32000.000000000000       -3500.0000000000000                1
        1420  -32000.000000000000       -3000.0000000000000                1
        1421  -31500.000000000000       -3000.0000000000000                0
        1422  -31000.000000000000       -3000.0000000000000                0
        1423  -30500.000000000000       -3000.0000000000000                0
        1424  -30000.000000000000       -3000.0000000000000                0
        1425  -29500.000000000000       -3000.0000000000000                0
        1426  -29000.000000000000       -3000.0000000000000                0
        1427  -28500.000000000000       -3000.0000000000000                0
        1428  -28000.000000000000       -3000.0000000000000                0
        1429  -27500.000000000000       -3000.0000000000000                0
        1430  -27000.000000000000       -3000.0000000000000                0
        1431  -26500.000000000000       -3000.0000000000000                0
        1432  -26000.000000000000       -3000.0000000000000                0
        1433  -25500.000000000000       -3000.0000000000000                0
        1434  -25000.000000000000       -3000.0000000000000                0
        1435  -24500.000000000000       -3000.0000000000000                0
        1436  -24000.000000000000       -3000.0000000000000                0
        1437  -23500.000000000000       -3000.0000000000000                0
        1438  -23000.000000000000       -3000.0000000000000                0
        1439  -22500.000000000000       -3000.0000000000000                0
        1440  -22000.000000000000       -3000.0000000000000                0
        1441  -21500.000000000000       -3000.0000000000000                0
        1442  -21000.000000000000       -3000.0000000000000                0
        1443  -20500.000000000000       -3000.0000000000000                0
        1444  -20000.000000000000       -3000.0000000000000                0
        1445  -19500.000000000000       -3000.0000000000000                0
        1446  -19000.000000000000       -3000.0000000000000                0
        1447  -18500.000000000000       -3000.0000000000000                0
        1448  -18000.000000000000       -3000.0000000000000                0
        1449  -17500.000000000000       -3000.0000000000000                0
        1450  -17000.000000000000       -3000.0000000000000                0
        1451  -16500.000000000000       -3000.0000000000000                0
        1452  -16000.000000000000       -3000.0000000000000                0
        1453  -15500.000000000000       -3000.0000000000000                0
        1454  -15000.000000000000       -3000.0000000000000                0
        1455  -14500.000000000000       -3000.0000000000000                0
        1456  -14000.000000000000       -3000.0000000000000                0
        1457  -13500.000000000000       -3000.0000000000000                0
        1458  -13000.000000000000       -3000.0000000000000                0
        1459  -12500.000000000000       -3000.0000000000000                0
        1460  -12000.000000000000       -3000.0000000000000                0
        1461  -11500.000000000000       -3000.0000000000000                0
        1462  -11000.000000000000       -3000.0000000000000                0
        1463  -10500.000000000000       -3000.0000000000000                0
        1464  -10000.000000000000       -3000.0000000000000                0
        1465  -9500.0000000000000       -3000.0000000000000                0
        1466  -9000.0000000000000       -3000.0000000000000                0
        1467  -8500.0000000000000       -3000.0000000000000                0
        1468  -8000.0000000000000       -3000.0000000000000                0
        1469  -7500.0000000000000       -3000.0000000000000                0
        1470  -7000.0000000000000       -3000.0000000000000                0
        1471  -6500.0000000000000       -3000.0000000000000                0
        1472  -6000.0000000000000       -3000.0000000000000                0
        1473  -5500.0000000000000       -3000.0000000000000                0
        1474  -5000.0000000000000       -3000.0000000000000                0
        1475  -4500.0000000000000       -3000.0000000000000                0
        1476  -4000.0000000000000       -3000.0000000000000                0
        1477  -3500.0000000000000       -3000.0000000000000                0
        1478  -3000.0000000000000       -3000.0000000000000                0
        1479  -2500.0000000000000       -3000.0000000000000                0
        1480  -2000.0000000000000       -3000.0000000000000                0
        1481  -1500.0000000000000       -3000.0000000000000                0
        1482  -1000.0000000000000       -3000.0000000000000                0
        1483  -500.00000000000000       -3000.0000000000000                0
        1484   0.0000000000000000       -3000.0000000000000                0
        1485   500.00000000000000       -3000.0000000000000                0
        1486   1000.0000000000000       -3000.0000000000000                0
        1487   1500.0000000000000       -3000.0000000000000                0
        1488   2000.0000000000000       -3000.0000000000000                0
        1489   2500.0000000000000       -3000.0000000000000                0
        1490   3000.0000000000000       -3000.0000000000000                0
        1491   3500.0000000000000       -3000.0000000000000                0
        1492   4000.0000000000000       -3000.0000000000000                0
        1493   4500.0000000000000       -3000.0000000000000                0
        1494   5000.0000000000000       -3000.0000000000000                0
        1495   5500.0000000000000       -3000.0000000000000                0
        1496   6000.0000000000000       -3000.0000000000000                0
        1497   6500.0000000000000       -3000.0000000000000                0
        1498   7000.0000000000000       -3000.0000000000000                0
        1499   7500.0000000000000       -3000.0000000000000                0
        1500   8000.0000000000000       -3000.0000000000000                0
        1501   8500.0000000000000       -3000.0000000000000                0
        1502   9000.0000000000000       -3000.0000000000000                0
        1503   9500.0000000000000       -3000.0000000000000                0
        1504   10000.000000000000       -3000.0000000000000                0
        1505   10500.000000000000       -3000.0000000000000                0
        1506   11000.000000000000       -3000.0000000000000                0
        1507   11500.000000000000       -3000.0000000000000                0
        1508   12000.000000000000       -3000.0000000000000                0
        1509   12500.000000000000       -3000.0000000000000                0
        1510   13000.000000000000       -3000.0000000000000                0
        1511   13500.000000000000       -3000.0000000000000                0
        1512   14000.000000000000       -3000.0000000000000                0
        1513   14500.000000000000       -3000.0000000000000                0
        1514   15000.000000000000       -3000.0000000000000                0
        1515   15500.000000000000       -3000.0000000000000                0
        1516   16000.000000000000       -3000.0000000000000                0
        1517   16500.000000000000       -3000.0000000000000                0
        1518   17000.000000000000       -3000.0000000000000                0
        1519   17500.000000000000       -3000.0000000000000                0
        1520   18000.000000000000       -3000.0000000000000                0
        1521   18500.000000000000       -3000.0000000000000                0
        1522   19000.000000000000       -3000.0000000000000                0
        1523   19500.000000000000       -3000.0000000000000                0
        1524   20000.000000000000       -3000.0000000000000                0
        1525   20500.000000000000       -3000.0000000000000                0
        1526   21000.000000000000       -3000.0000000000000                0
        1527   21500.000000000000       -3000.0000000000000                0
        1528   22000.000000000000       -3000.0000000000000                0
        1529   22500.000000000000       -3000.0000000000000                0
        1530   23000.000000000000       -3000.0000000000000                0
        1531   23500.000000000000       -3000.0000000000000                0
        1532   24000.000000000000       -3000.0000000000000                0
        1533   24500.000000000000       -3000.0000000000000                0
        1534   25000.000000000000       -3000.0000000000000                0
        1535   25500.000000000000       -3000.0000000000000                0
        1536   26000.000000000000       -3000.0000000000000                0
        1537   26500.000000000000       -3000.0000000000000                0
        1538   27000.000000000000       -3000.0000000000000                0
        1539   27500.000000000000       -3000.0000000000000                0
        1540   28000.000000000000       -3000.0000000000000                0
        1541   28500.000000000000       -3000.0000000000000                0
        1542   29000.000000000000       -3000.0000000000000                0
        1543   29500.000000000000       -3000.0000000000000                0
        1544   30000.000000000000       -3000.0000000000000                0
        1545   30500.000000000000       -3000.0000000000000                0
        1546   31000.000000000000       -3000.0000000000000                0
        1547   31500.000000000000       -3000.0000000000000                0
        1548   32000.000000000000       -3000.0000000000000                1
        1549  -32000.000000000000       -2500.0000000000000                1
        1550  -31500.000000000000       -2500.0000000000000                0
        1551  -31000.000000000000       -2500.0000000000000                0
        1552  -30500.000000000000       -2500.0000000000000                0
        1553  -30000.000000000000       -2500.0000000000000                0
        1554  -29500.000000000000       -2500.0000000000000                0
        1555  -29000.000000000000       -2500.0000000000000                0
        1556  -28500.000000000000       -2500.0000000000000                0
        1557  -28000.000000000000       -2500.0000000000000                0
        1558  -27500.000000000000       -2500.0000000000000                0
        1559  -27000.000000000000       -2500.0000000000000                0
        1560  -26500.000000000000       -2500.0000000000000                0
        1561  -26000.000000000000       -2500.0000000000000                0
        1562  -25500.000000000000       -2500.0000000000000                0
        1563  -25000.000000000000       -2500.0000000000000                0
        1564  -24500.000000000000       -2500.0000000000000                0
        1565  -24000.000000000000       -2500.0000000000000                0
        1566  -23500.000000000000       -2500.0000000000000                0
        1567  -23000.000000000000       -2500.0000000000000                0
        1568  -22500.000000000000       -2500.0000000000000                0
        1569  -22000.000000000000       -2500.0000000000000                0
        1570  -21500.000000000000       -2500.0000000000000                0
        1571  -21000.000000000000       -2500.0000000000000                0
        1572  -20500.000000000000       -2500.0000000000000                0
        1573  -20000.000000000000       -2500.0000000000000                0
        1574  -19500.000000000000       -2500.0000000000000                0
        1575  -19000.000000000000       -2500.0000000000000                0
        1576  -18500.000000000000       -2500.0000000000000                0
        1577  -18000.000000000000       -2500.0000000000000                0
        1578  -17500.000000000000       -2500.0000000000000                0
        1579  -17000.000000000000       -2500.0000000000000                0
        1580  -16500.000000000000       -2500.0000000000000                0
        1581  -16000.000000000000       -2500.0000000000000                0
        1582  -15500.000000000000       -2500.0000000000000                0
        1583  -15000.000000000000       -2500.0000000000000                0
        1584  -14500.000000000000       -2500.0000000000000                0
        1585  -14000.000000000000       -2500.0000000000000                0
        1586  -13500.000000000000       -2500.0000000000000                0
        1587  -13000.000000000000       -2500.0000000000000                0
        1588  -12500.000000000000       -2500.0000000000000                0
        1589  -12000.000000000000       -2500.0000000000000                0
        1590  -11500.000000000000       -2500.0000000000000                0
        1591  -11000.000000000000       -2500.0000000000000                0
        1592  -10500.000000000000       -2500.0000000000000                0
        1593  -10000.000000000000       -2500.0000000000000                0
        1594  -9500.0000000000000       -2500.0000000000000                0
        1595  -9000.0000000000000       -2500.0000000000000                0
        1596  -8500.0000000000000       -2500.0000000000000                0
        1597  -8000.0000000000000       -2500.0000000000000                0
        1598  -7500.0000000000000       -2500.0000000000000                0
        1599  -7000.0000000000000       -2500.0000000000000                0
        1600  -6500.0000000000000       -2500.0000000000000                0
        1601  -6000.0000000000000       -2500.0000000000000                0
        1602  -5500.0000000000000       -2500.0000000000000                0
        1603  -5000.0000000000000       -2500.0000000000000                0
        1604  -4500.0000000000000       -2500.0000000000000                0
        1605  -4000.0000000000000       -2500.0000000000000                0
        1606  -3500.0000000000000       -2500.0000000000000                0
        1607  -3000.0000000000000       -2500.0000000000000                0
        1608  -2500.0000000000000       -2500.0000000000000                0
        1609  -2000.0000000000000       -2500.0000000000000                0
        1610  -1500.0000000000000       -2500.0000000000000                0
        1611  -1000.0000000000000       -2500.0000000000000                0
        1612  -500.00000000000000       -2500.0000000000000                0
        1613   0.0000000000000000       -2500.0000000000000                0
        1614   500.00000000000000       -2500.0000000000000                0
        1615   1000.0000000000000       -2500.0000000000000                0
        1616   1500.0000000000000       -2500.0000000000000                0
        1617   2000.0000000000000       -2500.0000000000000                0
        1618   2500.0000000000000       -2500.0000000000000                0
        1619   3000.0000000000000       -2500.0000000000000                0
        1620   3500.0000000000000       -2500.0000000000000                0
        1621   4000.0000000000000       -2500.0000000000000                0
        1622   4500.0000000000000       -2500.0000000000000                0
        1623   5000.0000000000000       -2500.0000000000000                0
        1624   5500.0000000000000       -2500.0000000000000                0
        1625   6000.0000000000000       -2500.0000000000000                0
        1626   6500.0000000000000       -2500.0000000000000                0
        1627   7000.0000000000000       -2500.0000000000000                0
        1628   7500.0000000000000       -2500.0000000000000                0
        1629   8000.0000000000000       -2500.0000000000000                0
        1630   8500.0000000000000       -2500.0000000000000                0
        1631   9000.0000000000000       -2500.0000000000000                0
        1632   9500.0000000000000       -2500.0000000000000                0
        1633   10000.000000000000       -2500.0000000000000                0
        1634   10500.000000000000       -2500.0000000000000                0
        1635   11000.000000000000       -2500.0000000000000                0
        1636   11500.000000000000       -2500.0000000000000                0
        1637   12000.000000000000       -2500.0000000000000                0
        1638   12500.000000000000       -2500.0000000000000                0
        1639   13000.000000000000       -2500.0000000000000                0
        1640   13500.000000000000       -2500.0000000000000                0
        1641   14000.000000000000       -2500.0000000000000                0
        1642   14500.000000000000       -2500.0000000000000                0
        1643   15000.000000000000       -2500.0000000000000                0
        1644   15500.000000000000       -2500.0000000000000                0
        1645   16000.000000000000       -2500.0000000000000                0
        1646   16500.000000000000       -2500.0000000000000                0
        1647   17000.000000000000       -2500.0000000000000                0
        1648   17500.000000000000       -2500.0000000000000                0
        1649   18000.000000000000       -2500.0000000000000                0
        1650   18500.000000000000       -2500.0000000000000                0
        1651   19000.000000000000       -2500.0000000000000                0
        1652   19500.000000000000       -2500.0000000000000                0
        1653   20000.000000000000       -2500.0000000000000                0
        1654   20500.000000000000       -2500.0000000000000                0
        1655   21000.000000000000       -2500.0000000000000                0
        1656   21500.000000000000       -2500.0000000000000                0
        1657   22000.000000000000       -2500.0000000000000                0
        1658   22500.000000000000       -2500.0000000000000                0
        1659   23000.000000000000       -2500.0000000000000                0
        1660   23500.000000000000       -2500.0000000000000                0
        1661   24000.000000000000       -2500.0000000000000                0
        1662   24500.000000000000       -2500.0000000000000                0
        1663   25000.000000000000       -2500.0000000000000                0
        1664   25500.000000000000       -2500.0000000000000                0
        1665   26000.000000000000       -2500.0000000000000                0
        1666   26500.000000000000       -2500.0000000000000                0
        1667   27000.000000000000       -2500.0000000000000                0
        1668   27500.000000000000       -2500.0000000000000                0
        1669   28000.000000000000       -2500.0000000000000                0
        1670   28500.000000000000       -2500.0000000000000                0
        1671   29000.000000000000       -2500.0000000000000                0
        1672   29500.000000000000       -2500.0000000000000                0
        1673   30000.000000000000       -2500.0000000000000                0
        1674   30500.000000000000       -2500.0000000000000                0
        1675   31000.000000000000       -2500.0000000000000                0
        1676   31500.000000000000       -2500.0000000000000                0
        1677   32000.000000000000       -2500.0000000000000                1
        1678  -32000.000000000000       -2000.0000000000000                1
        1679  -31500.000000000000       -2000.0000000000000                0
        1680  -31000.000000000000       -2000.0000000000000                0
        1681  -30500.000000000000       -2000.0000000000000                0
        1682  -30000.000000000000       -2000.0000000000000                0
        1683  -29500.000000000000       -2000.0000000000000                0
        1684  -29000.000000000000       -2000.0000000000000                0
        1685  -28500.000000000000       -2000.0000000000000                0
        1686  -28000.000000000000       -2000.0000000000000                0
        1687  -27500.000000000000       -2000.0000000000000                0
        1688  -27000.000000000000       -2000.0000000000000                0
        1689  -26500.000000000000       -2000.0000000000000                0
        1690  -26000.000000000000       -2000.0000000000000                0
        1691  -25500.000000000000       -2000.0000000000000                0
        1692  -25000.000000000000       -2000.0000000000000                0
        1693  -24500.000000000000       -2000.0000000000000                0
        1694  -24000.000000000000       -2000.0000000000000                0
        1695  -23500.000000000000       -2000.0000000000000                0
        1696  -23000.000000000000       -2000.0000000000000                0
        1697  -22500.000000000000       -2000.0000000000000                0
        1698  -22000.000000000000       -2000.0000000000000                0
        1699  -21500.000000000000       -2000.0000000000000                0
        1700  -21000.000000000000       -2000.0000000000000                0
        1701  -20500.000000000000       -2000.0000000000000                0
        1702  -20000.000000000000       -2000.0000000000000                0
        1703  -19500.000000000000       -2000.0000000000000                0
        1704  -19000.000000000000       -2000.0000000000000                0
        1705  -18500.000000000000       -2000.0000000000000                0
        1706  -18000.000000000000       -2000.0000000000000                0
        1707  -17500.000000000000       -2000.0000000000000                0
        1708  -17000.000000000000       -2000.0000000000000                0
        1709  -16500.000000000000       -2000.0000000000000                0
        1710  -16000.000000000000       -2000.0000000000000                0
        1711  -15500.000000000000       -2000.0000000000000                0
        1712  -15000.000000000000       -2000.0000000000000                0
        1713  -14500.000000000000       -2000.0000000000000                0
        1714  -14000.000000000000       -2000.0000000000000                0
        1715  -13500.000000000000       -2000.0000000000000                0
        1716  -13000.000000000000       -2000.0000000000000                0
        1717  -12500.000000000000       -2000.0000000000000                0
        1718  -12000.000000000000       -2000.0000000000000                0
        1719  -11500.000000000000       -2000.0000000000000                0
        1720  -11000.000000000000       -2000.0000000000000                0
        1721  -10500.000000000000       -2000.0000000000000                0
        1722  -10000.000000000000       -2000.0000000000000                0
        1723  -9500.0000000000000       -2000.0000000000000                0
        1724  -9000.0000000000000       -2000.0000000000000                0
        1725  -8500.0000000000000       -2000.0000000000000                0
        1726  -8000.0000000000000       -2000.0000000000000                0
        1727  -7500.0000000000000       -2000.0000000000000                0
        1728  -7000.0000000000000       -2000.0000000000000                0
        1729  -6500.0000000000000       -2000.0000000000000                0
        1730  -6000.0000000000000       -2000.0000000000000                0
        1731  -5500.0000000000000       -2000.0000000000000                0
        1732  -5000.0000000000000       -2000.0000000000000                0
        1733  -4500.0000000000000       -2000.0000000000000                0
        1734  -4000.0000000000000       -2000.0000000000000                0
        1735  -3500.0000000000000       -2000.0000000000000                0
        1736  -3000.0000000000000       -2000.0000000000000                0
        1737  -2500.0000000000000       -2000.0000000000000                0
        1738  -2000.0000000000000       -2000.0000000000000                0
        1739  -1500.0000000000000       -2000.0000000000000                0
        1740  -1000.0000000000000       -2000.0000000000000                0
        1741  -500.00000000000000       -2000.0000000000000                0
        1742   0.0000000000000000       -2000.0000000000000                0
        1743   500.00000000000000       -2000.0000000000000                0
        1744   1000.0000000000000       -2000.0000000000000                0
        1745   1500.0000000000000       -2000.0000000000000                0
        1746   2000.0000000000000       -2000.0000000000000                0
        1747   2500.0000000000000       -2000.0000000000000                0
        1748   3000.0000000000000       -2000.0000000000000                0
        1749   3500.0000000000000       -2000.0000000000000                0
        1750   4000.0000000000000       -2000.0000000000000                0
        1751   4500.0000000000000       -2000.0000000000000                0
        1752   5000.0000000000000       -2000.0000000000000                0
        1753   5500.0000000000000       -2000.0000000000000                0
        1754   6000.0000000000000       -2000.0000000000000                0
        1755   6500.0000000000000       -2000.0000000000000                0
        1756   7000.0000000000000       -2000.0000000000000                0
        1757   7500.0000000000000       -2000.0000000000000                0
        1758   8000.0000000000000       -2000.0000000000000                0
        1759   8500.0000000000000       -2000.0000000000000                0
        1760   9000.0000000000000       -2000.0000000000000                0
        1761   9500.0000000000000       -2000.0000000000000                0
        1762   10000.000000000000       -2000.0000000000000                0
        1763   10500.000000000000       -2000.0000000000000                0
        1764   11000.000000000000       -2000.0000000000000                0
        1765   11500.000000000000       -2000.0000000000000                0
        1766   12000.000000000000       -2000.0000000000000                0
        1767   12500.000000000000       -2000.0000000000000                0
        1768   13000.000000000000       -2000.0000000000000                0
        1769   13500.000000000000       -2000.0000000000000                0
        1770   14000.000000000000       -2000.0000000000000                0
        1771   14500.000000000000       -2000.0000000000000                0
        1772   15000.000000000000       -2000.0000000000000                0
        1773   15500.000000000000       -2000.0000000000000                0
        1774   16000.000000000000       -2000.0000000000000                0
        1775   16500.000000000000       -2000.0000000000000                0
        1776   17000.000000000000       -2000.0000000000000                0
        1777   17500.000000000000       -2000.0000000000000                0
        1778   18000.000000000000       -2000.0000000000000                0
        1779   18500.000000000000       -2000.0000000000000                0
        1780   19000.000000000000       -2000.0000000000000                0
        1781   19500.000000000000       -2000.0000000000000                0
        1782   20000.000000000000       -2000.0000000000000                0
        1783   20500.000000000000       -2000.0000000000000                0
        1784   21000.000000000000       -2000.0000000000000                0
        1785   21500.000000000000       -2000.0000000000000                0
        1786   22000.000000000000       -2000.0000000000000                0
        1787   22500.000000000000       -2000.0000000000000                0
        1788   23000.000000000000       -2000.0000000000000                0
        1789   23500.000000000000       -2000.0000000000000                0
        1790   24000.000000000000       -2000.0000000000000                0
        1791   24500.000000000000       -2000.0000000000000                0
        1792   25000.000000000000       -2000.0000000000000                0
        1793   25500.000000000000       -2000.0000000000000                0
        1794   26000.000000000000       -2000.0000000000000                0
        1795   26500.000000000000       -2000.0000000000000                0
        1796   27000.000000000000       -2000.0000000000000                0
        1797   27500.000000000000       -2000.0000000000000                0
        1798   28000.000000000000       -2000.0000000000000                0
        1799   28500.000000000000       -2000.0000000000000                0
        1800   29000.000000000000       -2000.0000000000000                0
        1801   29500.000000000000       -2000.0000000000000                0
        1802   30000.000000000000       -2000.0000000000000                0
        1803   30500.000000000000       -2000.0000000000000                0
        1804   31000.000000000000       -2000.0000000000000                0
        1805   31500.000000000000       -2000.0000000000000                0
        1806   32000.000000000000       -2000.0000000000000                1
        1807  -32000.000000000000       -1500.0000000000000                1
        1808  -31500.000000000000       -1500.0000000000000                0
        1809  -31000.000000000000       -1500.0000000000000                0
        1810  -30500.000000000000       -1500.0000000000000                0
        1811  -30000.000000000000       -1500.0000000000000                0
        1812  -29500.000000000000       -1500.0000000000000                0
        1813  -29000.000000000000       -1500.0000000000000                0
        1814  -28500.000000000000       -1500.0000000000000                0
        1815  -28000.000000000000       -1500.0000000000000                0
        1816  -27500.000000000000       -1500.0000000000000                0
        1817  -27000.000000000000       -1500.0000000000000                0
        1818  -26500.000000000000       -1500.0000000000000                0
        1819  -26000.000000000000       -1500.0000000000000                0
        1820  -25500.000000000000       -1500.0000000000000                0
        1821  -25000.000000000000       -1500.0000000000000                0
        1822  -24500.000000000000       -1500.0000000000000                0
        1823  -24000.000000000000       -1500.0000000000000                0
        1824  -23500.000000000000       -1500.0000000000000                0
        1825  -23000.000000000000       -1500.0000000000000                0
        1826  -22500.000000000000       -1500.0000000000000                0
        1827  -22000.000000000000       -1500.0000000000000                0
        1828  -21500.000000000000       -1500.0000000000000                0
        1829  -21000.000000000000       -1500.0000000000000                0
        1830  -20500.000000000000       -1500.0000000000000                0
        1831  -20000.000000000000       -1500.0000000000000                0
        1832  -19500.000000000000       -1500.0000000000000                0
        1833  -19000.000000000000       -1500.0000000000000                0
        1834  -18500.000000000000       -1500.0000000000000                0
        1835  -18000.000000000000       -1500.0000000000000                0
        1836  -17500.000000000000       -1500.0000000000000                0
        1837  -17000.000000000000       -1500.0000000000000                0
        1838  -16500.000000000000       -1500.0000000000000                0
        1839  -16000.000000000000       -1500.0000000000000                0
        1840  -15500.000000000000       -1500.0000000000000                0
        1841  -15000.000000000000       -1500.0000000000000                0
        1842  -14500.000000000000       -1500.0000000000000                0
        1843  -14000.000000000000       -1500.0000000000000                0
        1844  -13500.000000000000       -1500.0000000000000                0
        1845  -13000.000000000000       -1500.0000000000000                0
        1846  -12500.000000000000       -1500.0000000000000                0
        1847  -12000.000000000000       -1500.0000000000000                0
        1848  -11500.000000000000       -1500.0000000000000                0
        1849  -11000.000000000000       -1500.0000000000000                0
        1850  -10500.000000000000       -1500.0000000000000                0
        1851  -10000.000000000000       -1500.0000000000000                0
        1852  -9500.0000000000000       -1500.0000000000000                0
        1853  -9000.0000000000000       -1500.0000000000000                0
        1854  -8500.0000000000000       -1500.0000000000000                0
        1855  -8000.0000000000000       -1500.0000000000000                0
        1856  -7500.0000000000000       -1500.0000000000000                0
        1857  -7000.0000000000000       -1500.0000000000000                0
        1858  -6500.0000000000000       -1500.0000000000000                0
        1859  -6000.0000000000000       -1500.0000000000000                0
        1860  -5500.0000000000000       -1500.0000000000000                0
        1861  -5000.0000000000000       -1500.0000000000000                0
        1862  -4500.0000000000000       -1500.0000000000000                0
        1863  -4000.0000000000000       -1500.0000000000000                0
        1864  -3500.0000000000000       -1500.0000000000000                0
        1865  -3000.0000000000000       -1500.0000000000000                0
        1866  -2500.0000000000000       -1500.0000000000000                0
        1867  -2000.0000000000000       -1500.0000000000000                0
        1868  -1500.0000000000000       -1500.0000000000000                0
        1869  -1000.0000000000000       -1500.0000000000000                0
        1870  -500.00000000000000       -1500.0000000000000                0
        1871   0.0000000000000000       -1500.0000000000000                0
        1872   500.00000000000000       -1500.0000000000000                0
        1873   1000.0000000000000       -1500.0000000000000                0
        1874   1500.0000000000000       -1500.0000000000000                0
        1875   2000.0000000000000       -1500.0000000000000                0
        1876   2500.0000000000000       -1500.0000000000000                0
        1877   3000.0000000000000       -1500.0000000000000                0
        1878   3500.0000000000000       -1500.0000000000000                0
        1879   4000.0000000000000       -1500.0000000000000                0
        1880   4500.0000000000000       -1500.0000000000000                0
        1881   5000.0000000000000       -1500.0000000000000                0
        1882   5500.0000000000000       -1500.0000000000000                0
        1883   6000.0000000000000       -1500.0000000000000                0
        1884   6500.0000000000000       -1500.0000000000000                0
        1885   7000.0000000000000       -1500.0000000000000                0
        1886   7500.0000000000000       -1500.0000000000000                0
        1887   8000.0000000000000       -1500.0000000000000                0
        1888   8500.0000000000000       -1500.0000000000000                0
        1889   9000.0000000000000       -1500.0000000000000                0
        1890   9500.0000000000000       -1500.0000000000000                0
        1891   10000.000000000000       -1500.0000000000000                0
        1892   10500.000000000000       -1500.0000000000000                0
        1893   11000.000000000000       -1500.0000000000000                0
        1894   11500.000000000000       -1500.0000000000000                0
        1895   12000.000000000000       -1500.0000000000000                0
        1896   12500.000000000000       -1500.0000000000000                0
        1897   13000.000000000000       -1500.0000000000000                0
        1898   13500.000000000000       -1500.0000000000000                0
        1899   14000.000000000000       -1500.0000000000000                0
        1900   14500.000000000000       -1500.0000000000000                0
        1901   15000.000000000000       -1500.0000000000000                0
        1902   15500.000000000000       -1500.0000000000000                0
        1903   16000.000000000000       -1500.0000000000000                0
        1904   16500.000000000000       -1500.0000000000000                0
        1905   17000.000000000000       -1500.0000000000000                0
        1906   17500.000000000000       -1500.0000000000000                0
        1907   18000.000000000000       -1500.0000000000000                0
        1908   18500.000000000000       -1500.0000000000000                0
        1909   19000.000000000000       -1500.0000000000000                0
        1910   19500.000000000000       -1500.0000000000000                0
        1911   20000.000000000000       -1500.0000000000000                0
        1912   20500.000000000000       -1500.0000000000000                0
        1913   21000.000000000000       -1500.0000000000000                0
        1914   21500.000000000000       -1500.0000000000000                0
        1915   22000.000000000000       -1500.0000000000000                0
        1916   22500.000000000000       -1500.0000000000000                0
        1917   23000.000000000000       -1500.0000000000000                0
        1918   23500.000000000000       -1500.0000000000000                0
        1919   24000.000000000000       -1500.0000000000000                0
        1920   24500.000000000000       -1500.0000000000000                0
        1921   25000.000000000000       -1500.0000000000000                0
        1922   25500.000000000000       -1500.0000000000000                0
        1923   26000.000000000000       -1500.0000000000000                0
        1924   26500.000000000000       -1500.0000000000000                0
        1925   27000.000000000000       -1500.0000000000000                0
        1926   27500.000000000000       -1500.0000000000000                0
        1927   28000.000000000000       -1500.0000000000000                0
        1928   28500.000000000000       -1500.0000000000000                0
        1929   29000.000000000000       -1500.0000000000000                0
        1930   29500.000000000000       -1500.0000000000000                0
        1931   30000.000000000000       -1500.0000000000000                0
        1932   30500.000000000000       -1500.0000000000000                0
        1933   31000.000000000000       -1500.0000000000000                0
        1934   31500.000000000000       -1500.0000000000000                0
        1935   32000.000000000000       -1500.0000000000000                1
        1936  -32000.000000000000       -1000.0000000000000                1
        1937  -31500.000000000000       -1000.0000000000000                0
        1938  -31000.000000000000       -1000.0000000000000                0
        1939  -30500.000000000000       -1000.0000000000000                0
        1940  -30000.000000000000       -1000.0000000000000                0
        1941  -29500.000000000000       -1000.0000000000000                0
        1942  -29000.000000000000       -1000.0000000000000                0
        1943  -28500.000000000000       -1000.0000000000000                0
        1944  -28000.000000000000       -1000.0000000000000                0
        1945  -27500.000000000000       -1000.0000000000000                0
        1946  -27000.000000000000       -1000.0000000000000                0
        1947  -26500.000000000000       -1000.0000000000000                0
        1948  -26000.000000000000       -1000.0000000000000                0
        1949  -25500.000000000000       -1000.0000000000000                0
        1950  -25000.000000000000       -1000.0000000000000                0
        1951  -24500.000000000000       -1000.0000000000000                0
        1952  -24000.000000000000       -1000.0000000000000                0
        1953  -23500.000000000000       -1000.0000000000000                0
        1954  -23000.000000000000       -1000.0000000000000                0
        1955  -22500.000000000000       -1000.0000000000000                0
        1956  -22000.000000000000       -1000.0000000000000                0
        1957  -21500.000000000000       -1000.0000000000000                0
        1958  -21000.000000000000       -1000.0000000000000                0
        1959  -20500.000000000000       -1000.0000000000000                0
        1960  -20000.000000000000       -1000.0000000000000                0
        1961  -19500.000000000000       -1000.0000000000000                0
        1962  -19000.000000000000       -1000.0000000000000                0
        1963  -18500.000000000000       -1000.0000000000000                0
        1964  -18000.000000000000       -1000.0000000000000                0
        1965  -17500.000000000000       -1000.0000000000000                0
        1966  -17000.000000000000       -1000.0000000000000                0
        1967  -16500.000000000000       -1000.0000000000000                0
        1968  -16000.000000000000       -1000.0000000000000                0
        1969  -15500.000000000000       -1000.0000000000000                0
        1970  -15000.000000000000       -1000.0000000000000                0
        1971  -14500.000000000000       -1000.0000000000000                0
        1972  -14000.000000000000       -1000.0000000000000                0
        1973  -13500.000000000000       -1000.0000000000000                0
        1974  -13000.000000000000       -1000.0000000000000                0
        1975  -12500.000000000000       -1000.0000000000000                0
        1976  -12000.000000000000       -1000.0000000000000                0
        1977  -11500.000000000000       -1000.0000000000000                0
        1978  -11000.000000000000       -1000.0000000000000                0
        1979  -10500.000000000000       -1000.0000000000000                0
        1980  -10000.000000000000       -1000.0000000000000                0
        1981  -9500.0000000000000       -1000.0000000000000                0
        1982  -9000.0000000000000       -1000.0000000000000                0
        1983  -8500.0000000000000       -1000.0000000000000                0
        1984  -8000.0000000000000       -1000.0000000000000                0
        1985  -7500.0000000000000       -1000.0000000000000                0
        1986  -7000.0000000000000       -1000.0000000000000                0
        1987  -6500.0000000000000       -1000.0000000000000                0
        1988  -6000.0000000000000       -1000.0000000000000                0
        1989  -5500.0000000000000       -1000.0000000000000                0
        1990  -5000.0000000000000       -1000.0000000000000                0
        1991  -4500.0000000000000       -1000.0000000000000                0
        1992  -4000.0000000000000       -1000.0000000000000                0
        1993  -3500.0000000000000       -1000.0000000000000                0
        1994  -3000.0000000000000       -1000.0000000000000                0
        1995  -2500.0000000000000       -1000.0000000000000                0
        1996  -2000.0000000000000       -1000.0000000000000                0
        1997  -1500.0000000000000       -1000.0000000000000                0
        1998  -1000.0000000000000       -1000.0000000000000                0
        1999  -500.00000000000000       -1000.0000000000000                0
        2000   0.0000000000000000       -1000.0000000000000                0
        2001   500.00000000000000       -1000.0000000000000                0
        2002   1000.0000000000000       -1000.0000000000000                0
        2003   1500.0000000000000       -1000.0000000000000                0
        2004   2000.0000000000000       -1000.0000000000000                0
        2005   2500.0000000000000       -1000.0000000000000                0
        2006   3000.0000000000000       -1000.0000000000000                0
        2007   3500.0000000000000       -1000.0000000000000                0
        2008   4000.0000000000000       -1000.0000000000000                0
        2009   4500.0000000000000       -1000.0000000000000                0
        2010   5000.0000000000000       -1000.0000000000000                0
        2011   5500.0000000000000       -1000.0000000000000                0
        2012   6000.0000000000000       -1000.0000000000000                0
        2013   6500.0000000000000       -1000.0000000000000                0
        2014   7000.0000000000000       -1000.0000000000000                0
        2015   7500.0000000000000       -1000.0000000000000                0
        2016   8000.0000000000000       -1000.0000000000000                0
        2017   8500.0000000000000       -1000.0000000000000                0
        2018   9000.0000000000000       -1000.0000000000000                0
        2019   9500.0000000000000       -1000.0000000000000                0
        2020   10000.000000000000       -1000.0000000000000                0
        2021   10500.000000000000       -1000.0000000000000                0
        2022   11000.000000000000       -1000.0000000000000                0
        2023   11500.000000000000       -1000.0000000000000                0
        2024   12000.000000000000       -1000.0000000000000                0
        2025   12500.000000000000       -1000.0000000000000                0
        2026   13000.000000000000       -1000.0000000000000                0
        2027   13500.000000000000       -1000.0000000000000                0
        2028   14000.000000000000       -1000.0000000000000                0
        2029   14500.000000000000       -1000.0000000000000                0
        2030   15000.000000000000       -1000.0000000000000                0
        2031   15500.000000000000       -1000.0000000000000                0
        2032   16000.000000000000       -1000.0000000000000                0
        2033   16500.000000000000       -1000.0000000000000                0
        2034   17000.000000000000       -1000.0000000000000                0
        2035   17500.000000000000       -1000.0000000000000                0
        2036   18000.000000000000       -1000.0000000000000                0
        2037   18500.000000000000       -1000.0000000000000                0
        2038   19000.000000000000       -1000.0000000000000                0
        2039   19500.000000000000       -1000.0000000000000                0
        2040   20000.000000000000       -1000.0000000000000                0
        2041   20500.000000000000       -1000.0000000000000                0
        2042   21000.000000000000       -1000.0000000000000                0
        2043   21500.000000000000       -1000.0000000000000                0
        2044   22000.000000000000       -1000.0000000000000                0
        2045   22500.000000000000       -1000.0000000000000                0
        2046   23000.000000000000       -1000.0000000000000                0
        2047   23500.000000000000       -1000.0000000000000                0
        2048   24000.000000000000       -1000.0000000000000                0
        2049   24500.000000000000       -1000.0000000000000                0
        2050   25000.000000000000       -1000.0000000000000                0
        2051   25500.000000000000       -1000.0000000000000                0
        2052   26000.000000000000       -1000.0000000000000                0
        2053   26500.000000000000       -1000.0000000000000                0
        2054   27000.000000000000       -1000.0000000000000                0
        2055   27500.000000000000       -1000.0000000000000                0
        2056   28000.000000000000       -1000.0000000000000                0
        2057   28500.000000000000       -1000.0000000000000                0
        2058   29000.000000000000       -1000.0000000000000                0
        2059   29500.000000000000       -1000.0000000000000                0
        2060   30000.000000000000       -1000.0000000000000                0
        2061   30500.000000000000       -1000.0000000000000                0
        2062   31000.000000000000       -1000.0000000000000                0
        2063   31500.000000000000       -1000.0000000000000                0
        2064   32000.000000000000       -1000.0000000000000                1
        2065  -32000.000000000000       -500.00000000000000                1
        2066  -31500.000000000000       -500.00000000000000                0
        2067  -31000.000000000000       -500.00000000000000                0
        2068  -30500.000000000000       -500.00000000000000                0
        2069  -30000.000000000000       -500.00000000000000                0
        2070  -29500.000000000000       -500.00000000000000                0
        2071  -29000.000000000000       -500.00000000000000                0
        2072  -28500.000000000000       -500.00000000000000                0
        2073  -28000.000000000000       -500.00000000000000                0
        2074  -27500.000000000000       -500.00000000000000                0
        2075  -27000.000000000000       -500.00000000000000                0
        2076  -26500.000000000000       -500.00000000000000                0
        2077  -26000.000000000000       -500.00000000000000                0
        2078  -25500.000000000000       -500.00000000000000                0
        2079  -25000.000000000000       -500.00000000000000                0
        2080  -24500.000000000000       -500.00000000000000                0
        2081  -24000.000000000000       -500.00000000000000                0
        2082  -23500.000000000000       -500.00000000000000                0
        2083  -23000.000000000000       -500.00000000000000                0
        2084  -22500.000000000000       -500.00000000000000                0
        2085  -22000.000000000000       -500.00000000000000                0
        2086  -21500.000000000000       -500.00000000000000                0
        2087  -21000.000000000000       -500.00000000000000                0
        2088  -20500.000000000000       -500.00000000000000                0
        2089  -20000.000000000000       -500.00000000000000                0
        2090  -19500.000000000000       -500.00000000000000                0
        2091  -19000.000000000000       -500.00000000000000                0
        2092  -18500.000000000000       -500.00000000000000                0
        2093  -18000.000000000000       -500.00000000000000                0
        2094  -17500.000000000000       -500.00000000000000                0
        2095  -17000.000000000000       -500.00000000000000                0
        2096  -16500.000000000000       -500.00000000000000                0
        2097  -16000.000000000000       -500.00000000000000                0
        2098  -15500.000000000000       -500.00000000000000                0
        2099  -15000.000000000000       -500.00000000000000                0
        2100  -14500.000000000000       -500.00000000000000                0
        2101  -14000.000000000000       -500.00000000000000                0
        2102  -13500.000000000000       -500.00000000000000                0
        2103  -13000.000000000000       -500.00000000000000                0
        2104  -12500.000000000000       -500.00000000000000                0
        2105  -12000.000000000000       -500.00000000000000                0
        2106  -11500.000000000000       -500.00000000000000                0
        2107  -11000.000000000000       -500.00000000000000                0
        2108  -10500.000000000000       -500.00000000000000                0
        2109  -10000.000000000000       -500.00000000000000                0
        2110  -9500.0000000000000       -500.00000000000000                0
        2111  -9000.0000000000000       -500.00000000000000                0
        2112  -8500.0000000000000       -500.00000000000000                0
        2113  -8000.0000000000000       -500.00000000000000                0
        2114  -7500.0000000000000       -500.00000000000000                0
        2115  -7000.0000000000000       -500.00000000000000                0
        2116  -6500.0000000000000       -500.00000000000000                0
        2117  -6000.0000000000000       -500.00000000000000                0
        2118  -5500.0000000000000       -500.00000000000000                0
        2119  -5000.0000000000000       -500.00000000000000                0
        2120  -4500.0000000000000       -500.00000000000000                0
        2121  -4000.0000000000000       -500.00000000000000                0
        2122  -3500.0000000000000       -500.00000000000000                0
        2123  -3000.0000000000000       -500.00000000000000                0
        2124  -2500.0000000000000       -500.00000000000000                0
        2125  -2000.0000000000000       -500.00000000000000                0
        2126  -1500.0000000000000       -500.00000000000000                0
        2127  -1000.0000000000000       -500.00000000000000                0
        2128  -500.00000000000000       -500.00000000000000                0
        2129   0.0000000000000000       -500.00000000000000                0
        2130   500.00000000000000       -500.00000000000000                0
        2131   1000.0000000000000       -500.00000000000000                0
        2132   1500.0000000000000       -500.00000000000000                0
        2133   2000.0000000000000       -500.00000000000000                0
        2134   2500.0000000000000       -500.00000000000000                0
        2135   3000.0000000000000       -500.00000000000000                0
        2136   3500.0000000000000       -500.00000000000000                0
        2137   4000.0000000000000       -500.00000000000000                0
        2138   4500.0000000000000       -500.00000000000000                0
        2139   5000.0000000000000       -500.00000000000000                0
        2140   5500.0000000000000       -500.00000000000000                0
        2141   6000.0000000000000       -500.00000000000000                0
        2142   6500.0000000000000       -500.00000000000000                0
        2143   7000.0000000000000       -500.00000000000000                0
        2144   7500.0000000000000       -500.00000000000000                0
        2145   8000.0000000000000       -500.00000000000000                0
        2146   8500.0000000000000       -500.00000000000000                0
        2147   9000.0000000000000       -500.00000000000000                0
        2148   9500.0000000000000       -500.00000000000000                0
        2149   10000.000000000000       -500.00000000000000                0
        2150   10500.000000000000       -500.00000000000000                0
        2151   11000.000000000000       -500.00000000000000                0
        2152   11500.000000000000       -500.00000000000000                0
        2153   12000.000000000000       -500.00000000000000                0
        2154   12500.000000000000       -500.00000000000000                0
        2155   13000.000000000000       -500.00000000000000                0
        2156   13500.000000000000       -500.00000000000000                0
        2157   14000.000000000000       -500.00000000000000                0
        2158   14500.000000000000       -500.00000000000000                0
        2159   15000.000000000000       -500.00000000000000                0
        2160   15500.000000000000       -500.00000000000000                0
        2161   16000.000000000000       -500.00000000000000                0
        2162   16500.000000000000       -500.00000000000000                0
        2163   17000.000000000000       -500.00000000000000                0
        2164   17500.000000000000       -500.00000000000000                0
        2165   18000.000000000000       -500.00000000000000                0
        2166   18500.000000000000       -500.00000000000000                0
        2167   19000.000000000000       -500.00000000000000                0
        2168   19500.000000000000       -500.00000000000000                0
        2169   20000.000000000000       -500.00000000000000                0
        2170   20500.000000000000       -500.00000000000000                0
        2171   21000.000000000000       -500.00000000000000                0
        2172   21500.000000000000       -500.00000000000000                0
        2173   22000.000000000000       -500.00000000000000                0
        2174   22500.000000000000       -500.00000000000000                0
        2175   23000.000000000000       -500.00000000000000                0
        2176   23500.000000000000       -500.00000000000000                0
        2177   24000.000000000000       -500.00000000000000                0
        2178   24500.000000000000       -500.00000000000000                0
        2179   25000.000000000000       -500.00000000000000                0
        2180   25500.000000000000       -500.00000000000000                0
        2181   26000.000000000000       -500.00000000000000                0
        2182   26500.000000000000       -500.00000000000000                0
        2183   27000.000000000000       -500.00000000000000                0
        2184   27500.000000000000       -500.00000000000000                0
        2185   28000.000000000000       -500.00000000000000                0
        2186   28500.000000000000       -500.00000000000000                0
        2187   29000.000000000000       -500.00000000000000                0
        2188   29500.000000000000       -500.00000000000000                0
        2189   30000.000000000000       -500.00000000000000                0
        2190   30500.000000000000       -500.00000000000000                0
        2191   31000.000000000000       -500.00000000000000                0
        2192   31500.000000000000       -500.00000000000000                0
        2193   32000.000000000000       -500.00000000000000                1
        2194  -32000.000000000000        0.0000000000000000                1
        2195  -31500.000000000000        0.0000000000000000                0
        2196  -31000.000000000000        0.0000000000000000                0
        2197  -30500.000000000000        0.0000000000000000                0
        2198  -30000.000000000000        0.0000000000000000                0
        2199  -29500.000000000000        0.0000000000000000                0
        2200  -29000.000000000000        0.0000000000000000                0
        2201  -28500.000000000000        0.0000000000000000                0
        2202  -28000.000000000000        0.0000000000000000                0
        2203  -27500.000000000000        0.0000000000000000                0
        2204  -27000.000000000000        0.0000000000000000                0
        2205  -26500.000000000000        0.0000000000000000                0
        2206  -26000.000000000000        0.0000000000000000                0
        2207  -25500.000000000000        0.0000000000000000                0
        2208  -25000.000000000000        0.0000000000000000                0
        2209  -24500.000000000000        0.0000000000000000                0
        2210  -24000.000000000000        0.0000000000000000                0
        2211  -23500.000000000000        0.0000000000000000                0
        2212  -23000.000000000000        0.0000000000000000                0
        2213  -22500.000000000000        0.0000000000000000                0
        2214  -22000.000000000000        0.0000000000000000                0
        2215  -21500.000000000000        0.0000000000000000                0
        2216  -21000.000000000000        0.0000000000000000                0
        2217  -20500.000000000000        0.0000000000000000                0
        2218  -20000.000000000000        0.0000000000000000                0
        2219  -19500.000000000000        0.0000000000000000                0
        2220  -19000.000000000000        0.0000000000000000                0
        2221  -18500.000000000000        0.0000000000000000                0
        2222  -18000.000000000000        0.0000000000000000                0
        2223  -17500.000000000000        0.0000000000000000                0
        2224  -17000.000000000000        0.0000000000000000                0
        2225  -16500.000000000000        0.0000000000000000                0
        2226  -16000.000000000000        0.0000000000000000                0
        2227  -15500.000000000000        0.0000000000000000                0
        2228  -15000.000000000000        0.0000000000000000                0
        2229  -14500.000000000000        0.0000000000000000                0
        2230  -14000.000000000000        0.0000000000000000                0
        2231  -13500.000000000000        0.0000000000000000                0
        2232  -13000.000000000000        0.0000000000000000                0
        2233  -12500.000000000000        0.0000000000000000                0
        2234  -12000.000000000000        0.0000000000000000                0
        2235  -11500.000000000000        0.0000000000000000                0
        2236  -11000.000000000000        0.0000000000000000                0
        2237  -10500.000000000000        0.0000000000000000                0
        2238  -10000.000000000000        0.0000000000000000                0
        2239  -9500.0000000000000        0.0000000000000000                0
        2240  -9000.0000000000000        0.0000000000000000                0
        2241  -8500.0000000000000        0.0000000000000000                0
        2242  -8000.0000000000000        0.0000000000000000                0
        2243  -7500.0000000000000        0.0000000000000000                0
        2244  -7000.0000000000000        0.0000000000000000                0
        2245  -6500.0000000000000        0.0000000000000000                0
        2246  -6000.0000000000000        0.0000000000000000                0
        2247  -5500.0000000000000        0.0000000000000000                0
        2248  -5000.0000000000000        0.0000000000000000                0
        2249  -4500.0000000000000        0.0000000000000000                0
        2250  -4000.0000000000000        0.0000000000000000                0
        2251  -3500.0000000000000        0.0000000000000000                0
        2252  -3000.0000000000000        0.0000000000000000                0
        2253  -2500.0000000000000        0.0000000000000000                0
        2254  -2000.0000000000000        0.0000000000000000                0
        2255  -1500.0000000000000        0.0000000000000000                0
        2256  -1000.0000000000000        0.0000000000000000                0
        2257  -500.00000000000000        0.0000000000000000                0
        2258   0.0000000000000000        0.0000000000000000                0
        2259   500.00000000000000        0.0000000000000000                0
        2260   1000.0000000000000        0.0000000000000000                0
        2261   1500.0000000000000        0.0000000000000000                0
        2262   2000.0000000000000        0.0000000000000000                0
        2263   2500.0000000000000        0.0000000000000000                0
        2264   3000.0000000000000        0.0000000000000000                0
        2265   3500.0000000000000        0.0000000000000000                0
        2266   4000.0000000000000        0.0000000000000000                0
        2267   4500.0000000000000        0.0000000000000000                0
        2268   5000.0000000000000        0.0000000000000000                0
        2269   5500.0000000000000        0.0000000000000000                0
        2270   6000.0000000000000        0.0000000000000000                0
        2271   6500.0000000000000        0.0000000000000000                0
        2272   7000.0000000000000        0.0000000000000000                0
        2273   7500.0000000000000        0.0000000000000000                0
        2274   8000.0000000000000        0.0000000000000000                0
        2275   8500.0000000000000        0.0000000000000000                0
        2276   9000.0000000000000        0.0000000000000000                0
        2277   9500.0000000000000        0.0000000000000000                0
        2278   10000.000000000000        0.0000000000000000                0
        2279   10500.000000000000        0.0000000000000000                0
        2280   11000.000000000000        0.0000000000000000                0
        2281   11500.000000000000        0.0000000000000000                0
        2282   12000.000000000000        0.0000000000000000                0
        2283   12500.000000000000        0.0000000000000000                0
        2284   13000.000000000000        0.0000000000000000                0
        2285   13500.000000000000        0.0000000000000000                0
        2286   14000.000000000000        0.0000000000000000                0
        2287   14500.000000000000        0.0000000000000000                0
        2288   15000.000000000000        0.0000000000000000                0
        2289   15500.000000000000        0.0000000000000000                0
        2290   16000.000000000000        0.0000000000000000                0
        2291   16500.000000000000        0.0000000000000000                0
        2292   17000.000000000000        0.0000000000000000                0
        2293   17500.000000000000        0.0000000000000000                0
        2294   18000.000000000000        0.0000000000000000                0
        2295   18500.000000000000        0.0000000000000000                0
        2296   19000.000000000000        0.0000000000000000                0
        2297   19500.000000000000        0.0000000000000000                0
        2298   20000.000000000000        0.0000000000000000                0
        2299   20500.000000000000        0.0000000000000000                0
        2300   21000.000000000000        0.0000000000000000                0
        2301   21500.000000000000        0.0000000000000000                0
        2302   22000.000000000000        0.0000000000000000                0
        2303   22500.000000000000        0.0000000000000000                0
        2304   23000.000000000000        0.0000000000000000                0
        2305   23500.000000000000        0.0000000000000000                0
        2306   24000.000000000000        0.0000000000000000                0
        2307   24500.000000000000        0.0000000000000000                0
        2308   25000.000000000000        0.0000000000000000                0
        2309   25500.000000000000        0.0000000000000000                0
        2310   26000.000000000000        0.0000000000000000                0
        2311   26500.000000000000        0.0000000000000000                0
        2312   27000.000000000000        0.0000000000000000                0
        2313   27500.000000000000        0.0000000000000000                0
        2314   28000.000000000000        0.0000000000000000                0
        2315   28500.000000000000        0.0000000000000000                0
        2316   29000.000000000000        0.0000000000000000                0
        2317   29500.000000000000        0.0000000000000000                0
        2318   30000.000000000000        0.0000000000000000                0
        2319   30500.000000000000        0.0000000000000000                0
        2320   31000.000000000000        0.0000000000000000                0
        2321   31500.000000000000        0.0000000000000000                0
        2322   32000.000000000000        0.0000000000000000                1
        2323  -32000.000000000000        500.00000000000000                1
        2324  -31500.000000000000        500.00000000000000                0
        2325  -31000.000000000000        500.00000000000000                0
        2326  -30500.000000000000        500.00000000000000                0
        2327  -30000.000000000000        500.00000000000000                0
        2328  -29500.000000000000        500.00000000000000                0
        2329  -29000.000000000000        500.00000000000000                0
        2330  -28500.000000000000        500.00000000000000                0
        2331  -28000.000000000000        500.00000000000000                0
        2332  -27500.000000000000        500.00000000000000                0
        2333  -27000.000000000000        500.00000000000000                0
        2334  -26500.000000000000        500.00000000000000                0
        2335  -26000.000000000000        500.00000000000000                0
        2336  -25500.000000000000        500.00000000000000                0
        2337  -25000.000000000000        500.00000000000000                0
        2338  -24500.000000000000        500.00000000000000                0
        2339  -24000.000000000000        500.00000000000000                0
        2340  -23500.000000000000        500.00000000000000                0
        2341  -23000.000000000000        500.00000000000000                0
        2342  -22500.000000000000        500.00000000000000                0
        2343  -22000.000000000000        500.00000000000000                0
        2344  -21500.000000000000        500.00000000000000                0
        2345  -21000.000000000000        500.00000000000000                0
        2346  -20500.000000000000        500.00000000000000                0
        2347  -20000.000000000000        500.00000000000000                0
        2348  -19500.000000000000        500.00000000000000                0
        2349  -19000.000000000000        500.00000000000000                0
        2350  -18500.000000000000        500.00000000000000                0
        2351  -18000.000000000000        500.00000000000000                0
        2352  -17500.000000000000        500.00000000000000                0
        2353  -17000.000000000000        500.00000000000000                0
        2354  -16500.000000000000        500.00000000000000                0
        2355  -16000.000000000000        500.00000000000000                0
        2356  -15500.000000000000        500.00000000000000                0
        2357  -15000.000000000000        500.00000000000000                0
        2358  -14500.000000000000        500.00000000000000                0
        2359  -14000.000000000000        500.00000000000000                0
        2360  -13500.000000000000        500.00000000000000                0
        2361  -13000.000000000000        500.00000000000000                0
        2362  -12500.000000000000        500.00000000000000                0
        2363  -12000.000000000000        500.00000000000000                0
        2364  -11500.000000000000        500.00000000000000                0
        2365  -11000.000000000000        500.00000000000000                0
        2366  -10500.000000000000        500.00000000000000                0
        2367  -10000.000000000000        500.00000000000000                0
        2368  -9500.0000000000000        500.00000000000000                0
        2369  -9000.0000000000000        500.00000000000000                0
        2370  -8500.0000000000000        500.00000000000000                0
        2371  -8000.0000000000000        500.00000000000000                0
        2372  -7500.0000000000000        500.00000000000000                0
        2373  -7000.0000000000000        500.00000000000000                0
        2374  -6500.0000000000000        500.00000000000000                0
        2375  -6000.0000000000000        500.00000000000000                0
        2376  -5500.0000000000000        500.00000000000000                0
        2377  -5000.0000000000000        500.00000000000000                0
        2378  -4500.0000000000000        500.00000000000000                0
        2379  -4000.0000000000000        500.00000000000000                0
        2380  -3500.0000000000000        500.00000000000000                0
        2381  -3000.0000000000000        500.00000000000000                0
        2382  -2500.0000000000000        500.00000000000000                0
        2383  -2000.0000000000000        500.00000000000000                0
        2384  -1500.0000000000000        500.00000000000000                0
        2385  -1000.0000000000000        500.00000000000000                0
        2386  -500.00000000000000        500.00000000000000                0
        2387   0.0000000000000000        500.00000000000000                0
        2388   500.00000000000000        500.00000000000000                0
        2389   1000.0000000000000        500.00000000000000                0
        2390   1500.0000000000000        500.00000000000000                0
        2391   2000.0000000000000        500.00000000000000                0
        2392   2500.0000000000000        500.00000000000000                0
        2393   3000.0000000000000        500.00000000000000                0
        2394   3500.0000000000000        500.00000000000000                0
        2395   4000.0000000000000        500.00000000000000                0
        2396   4500.0000000000000        500.00000000000000                0
        2397   5000.0000000000000        500.00000000000000                0
        2398   5500.0000000000000        500.00000000000000                0
        2399   6000.0000000000000        500.00000000000000                0
        2400   6500.0000000000000        500.00000000000000                0
        2401   7000.0000000000000        500.00000000000000                0
        2402   7500.0000000000000        500.00000000000000                0
        2403   8000.0000000000000        500.00000000000000                0
        2404   8500.0000000000000        500.00000000000000                0
        2405   9000.0000000000000        500.00000000000000                0
        2406   9500.0000000000000        500.00000000000000                0
        2407   10000.000000000000        500.00000000000000                0
        2408   10500.000000000000        500.00000000000000                0
        2409   11000.000000000000        500.00000000000000                0
        2410   11500.000000000000        500.00000000000000                0
        2411   12000.000000000000        500.00000000000000                0
        2412   12500.000000000000        500.00000000000000                0
        2413   13000.000000000000        500.00000000000000                0
        2414   13500.000000000000        500.00000000000000                0
        2415   14000.000000000000        500.00000000000000                0
        2416   14500.000000000000        500.00000000000000                0
        2417   15000.000000000000        500.00000000000000                0
        2418   15500.000000000000        500.00000000000000                0
        2419   16000.000000000000        500.00000000000000                0
        2420   16500.000000000000        500.00000000000000                0
        2421   17000.000000000000        500.00000000000000                0
        2422   17500.000000000000        500.00000000000000                0
        2423   18000.000000000000        500.00000000000000                0
        2424   18500.000000000000        500.00000000000000                0
        2425   19000.000000000000        500.00000000000000                0
        2426   19500.000000000000        500.00000000000000                0
        2427   20000.000000000000        500.00000000000000                0
        2428   20500.000000000000        500.00000000000000                0
        2429   21000.000000000000        500.00000000000000                0
        2430   21500.000000000000        500.00000000000000                0
        2431   22000.000000000000        500.00000000000000                0
        2432   22500.000000000000        500.00000000000000                0
        2433   23000.000000000000        500.00000000000000                0
        2434   23500.000000000000        500.00000000000000                0
        2435   24000.000000000000        500.00000000000000                0
        2436   24500.000000000000        500.00000000000000                0
        2437   25000.000000000000        500.00000000000000                0
        2438   25500.000000000000        500.00000000000000                0
        2439   26000.000000000000        500.00000000000000                0
        2440   26500.000000000000        500.00000000000000                0
        2441   27000.000000000000        500.00000000000000                0
        2442   27500.000000000000        500.00000000000000                0
        2443   28000.000000000000        500.00000000000000                0
        2444   28500.000000000000        500.00000000000000                0
        2445   29000.000000000000        500.00000000000000                0
        2446   29500.000000000000        500.00000000000000                0
        2447   30000.000000000000        500.00000000000000                0
        2448   30500.000000000000        500.00000000000000                0
        2449   31000.000000000000        500.00000000000000                0
        2450   31500.000000000000        500.00000000000000                0
        2451   32000.000000000000        500.00000000000000                1
        2452  -32000.000000000000        1000.0000000000000                1
        2453  -31500.000000000000        1000.0000000000000                0
        2454  -31000.000000000000        1000.0000000000000                0
        2455  -30500.000000000000        1000.0000000000000                0
        2456  -30000.000000000000        1000.0000000000000                0
        2457  -29500.000000000000        1000.0000000000000                0
        2458  -29000.000000000000        1000.0000000000000                0
        2459  -28500.000000000000        1000.0000000000000                0
        2460  -28000.000000000000        1000.0000000000000                0
        2461  -27500.000000000000        1000.0000000000000                0
        2462  -27000.000000000000        1000.0000000000000                0
        2463  -26500.000000000000        1000.0000000000000                0
        2464  -26000.000000000000        1000.0000000000000                0
        2465  -25500.000000000000        1000.0000000000000                0
        2466  -25000.000000000000        1000.0000000000000                0
        2467  -24500.000000000000        1000.0000000000000                0
        2468  -24000.000000000000        1000.0000000000000                0
        2469  -23500.000000000000        1000.0000000000000                0
        2470  -23000.000000000000        1000.0000000000000                0
        2471  -22500.000000000000        1000.0000000000000                0
        2472  -22000.000000000000        1000.0000000000000                0
        2473  -21500.000000000000        1000.0000000000000                0
        2474  -21000.000000000000        1000.0000000000000                0
        2475  -20500.000000000000        1000.0000000000000                0
        2476  -20000.000000000000        1000.0000000000000                0
        2477  -19500.000000000000        1000.0000000000000                0
        2478  -19000.000000000000        1000.0000000000000                0
        2479  -18500.000000000000        1000.0000000000000                0
        2480  -18000.000000000000        1000.0000000000000                0
        2481  -17500.000000000000        1000.0000000000000                0
        2482  -17000.000000000000        1000.0000000000000                0
        2483  -16500.000000000000        1000.0000000000000                0
        2484  -16000.000000000000        1000.0000000000000                0
        2485  -15500.000000000000        1000.0000000000000                0
        2486  -15000.000000000000        1000.0000000000000                0
        2487  -14500.000000000000        1000.0000000000000                0
        2488  -14000.000000000000        1000.0000000000000                0
        2489  -13500.000000000000        1000.0000000000000                0
        2490  -13000.000000000000        1000.0000000000000                0
        2491  -12500.000000000000        1000.0000000000000                0
        2492  -12000.000000000000        1000.0000000000000                0
        2493  -11500.000000000000        1000.0000000000000                0
        2494  -11000.000000000000        1000.0000000000000                0
        2495  -10500.000000000000        1000.0000000000000                0
        2496  -10000.000000000000        1000.0000000000000                0
        2497  -9500.0000000000000        1000.0000000000000                0
        2498  -9000.0000000000000        1000.0000000000000                0
        2499  -8500.0000000000000        1000.0000000000000                0
        2500  -8000.0000000000000        1000.0000000000000                0
        2501  -7500.0000000000000        1000.0000000000000                0
        2502  -7000.0000000000000        1000.0000000000000                0
        2503  -6500.0000000000000        1000.0000000000000                0
        2504  -6000.0000000000000        1000.0000000000000                0
        2505  -5500.0000000000000        1000.0000000000000                0
        2506  -5000.0000000000000        1000.0000000000000                0
        2507  -4500.0000000000000        1000.0000000000000                0
        2508  -4000.0000000000000        1000.0000000000000                0
        2509  -3500.0000000000000        1000.0000000000000                0
        2510  -3000.0000000000000        1000.0000000000000                0
        2511  -2500.0000000000000        1000.0000000000000                0
        2512  -2000.0000000000000        1000.0000000000000                0
        2513  -1500.0000000000000        1000.0000000000000                0
        2514  -1000.0000000000000        1000.0000000000000                0
        2515  -500.00000000000000        1000.0000000000000                0
        2516   0.0000000000000000        1000.0000000000000                0
        2517   500.00000000000000        1000.0000000000000                0
        2518   1000.0000000000000        1000.0000000000000                0
        2519   1500.0000000000000        1000.0000000000000                0
        2520   2000.0000000000000        1000.0000000000000                0
        2521   2500.0000000000000        1000.0000000000000                0
        2522   3000.0000000000000        1000.0000000000000                0
        2523   3500.0000000000000        1000.0000000000000                0
        2524   4000.0000000000000        1000.0000000000000                0
        2525   4500.0000000000000        1000.0000000000000                0
        2526   5000.0000000000000        1000.0000000000000                0
        2527   5500.0000000000000        1000.0000000000000                0
        2528   6000.0000000000000        1000.0000000000000                0
        2529   6500.0000000000000        1000.0000000000000                0
        2530   7000.0000000000000        1000.0000000000000                0
        2531   7500.0000000000000        1000.0000000000000                0
        2532   8000.0000000000000        1000.0000000000000                0
        2533   8500.0000000000000        1000.0000000000000                0
        2534   9000.0000000000000        1000.0000000000000                0
        2535   9500.0000000000000        1000.0000000000000                0
        2536   10000.000000000000        1000.0000000000000                0
        2537   10500.000000000000        1000.0000000000000                0
        2538   11000.000000000000        1000.0000000000000                0
        2539   11500.000000000000        1000.0000000000000                0
        2540   12000.000000000000        1000.0000000000000                0
        2541   12500.000000000000        1000.0000000000000                0
        2542   13000.000000000000        1000.0000000000000                0
        2543   13500.000000000000        1000.0000000000000                0
        2544   14000.000000000000        1000.0000000000000                0
        2545   14500.000000000000        1000.0000000000000                0
        2546   15000.000000000000        1000.0000000000000                0
        2547   15500.000000000000        1000.0000000000000                0
        2548   16000.000000000000        1000.0000000000000                0
        2549   16500.000000000000        1000.0000000000000                0
        2550   17000.000000000000        1000.0000000000000                0
        2551   17500.000000000000        1000.0000000000000                0
        2552   18000.000000000000        1000.0000000000000                0
        2553   18500.000000000000        1000.0000000000000                0
        2554   19000.000000000000        1000.0000000000000                0
        2555   19500.000000000000        1000.0000000000000                0
        2556   20000.000000000000        1000.0000000000000                0
        2557   20500.000000000000        1000.0000000000000                0
        2558   21000.000000000000        1000.0000000000000                0
        2559   21500.000000000000        1000.0000000000000                0
        2560   22000.000000000000        1000.0000000000000                0
        2561   22500.000000000000        1000.0000000000000                0
        2562   23000.000000000000        1000.0000000000000                0
        2563   23500.000000000000        1000.0000000000000                0
        2564   24000.000000000000        1000.0000000000000                0
        2565   24500.000000000000        1000.0000000000000                0
        2566   25000.000000000000        1000.0000000000000                0
        2567   25500.000000000000        1000.0000000000000                0
        2568   26000.000000000000        1000.0000000000000                0
        2569   26500.000000000000        1000.0000000000000                0
        2570   27000.000000000000        1000.0000000000000                0
        2571   27500.000000000000        1000.0000000000000                0
        2572   28000.000000000000        1000.0000000000000                0
        2573   28500.000000000000        1000.0000000000000                0
        2574   29000.000000000000        1000.0000000000000                0
        2575   29500.000000000000        1000.0000000000000                0
        2576   30000.000000000000        1000.0000000000000                0
        2577   30500.000000000000        1000.0000000000000                0
        2578   31000.000000000000        1000.0000000000000                0
        2579   31500.000000000000        1000.0000000000000                0
        2580   32000.000000000000        1000.0000000000000                1
        2581  -32000.000000000000        1500.0000000000000                1
        2582  -31500.000000000000        1500.0000000000000                0
        2583  -31000.000000000000        1500.0000000000000                0
        2584  -30500.000000000000        1500.0000000000000                0
        2585  -30000.000000000000        1500.0000000000000                0
        2586  -29500.000000000000        1500.0000000000000                0
        2587  -29000.000000000000        1500.0000000000000                0
        2588  -28500.000000000000        1500.0000000000000                0
        2589  -28000.000000000000        1500.0000000000000                0
        2590  -27500.000000000000        1500.0000000000000                0
        2591  -27000.000000000000        1500.0000000000000                0
        2592  -26500.000000000000        1500.0000000000000                0
        2593  -26000.000000000000        1500.0000000000000                0
        2594  -25500.000000000000        1500.0000000000000                0
        2595  -25000.000000000000        1500.0000000000000                0
        2596  -24500.000000000000        1500.0000000000000                0
        2597  -24000.000000000000        1500.0000000000000                0
        2598  -23500.000000000000        1500.0000000000000                0
        2599  -23000.000000000000        1500.0000000000000                0
        2600  -22500.000000000000        1500.0000000000000                0
        2601  -22000.000000000000        1500.0000000000000                0
        2602  -21500.000000000000        1500.0000000000000                0
        2603  -21000.000000000000        1500.0000000000000                0
        2604  -20500.000000000000        1500.0000000000000                0
        2605  -20000.000000000000        1500.0000000000000                0
        2606  -19500.000000000000        1500.0000000000000                0
        2607  -19000.000000000000        1500.0000000000000                0
        2608  -18500.000000000000        1500.0000000000000                0
        2609  -18000.000000000000        1500.0000000000000                0
        2610  -17500.000000000000        1500.0000000000000                0
        2611  -17000.000000000000        1500.0000000000000                0
        2612  -16500.000000000000        1500.0000000000000                0
        2613  -16000.000000000000        1500.0000000000000                0
        2614  -15500.000000000000        1500.0000000000000                0
        2615  -15000.000000000000        1500.0000000000000                0
        2616  -14500.000000000000        1500.0000000000000                0
        2617  -14000.000000000000        1500.0000000000000                0
        2618  -13500.000000000000        1500.0000000000000                0
        2619  -13000.000000000000        1500.0000000000000                0
        2620  -12500.000000000000        1500.0000000000000                0
        2621  -12000.000000000000        1500.0000000000000                0
        2622  -11500.000000000000        1500.0000000000000                0
        2623  -11000.000000000000        1500.0000000000000                0
        2624  -10500.000000000000        1500.0000000000000                0
        2625  -10000.000000000000        1500.0000000000000                0
        2626  -9500.0000000000000        1500.0000000000000                0
        2627  -9000.0000000000000        1500.0000000000000                0
        2628  -8500.0000000000000        1500.0000000000000                0
        2629  -8000.0000000000000        1500.0000000000000                0
        2630  -7500.0000000000000        1500.0000000000000                0
        2631  -7000.0000000000000        1500.0000000000000                0
        2632  -6500.0000000000000        1500.0000000000000                0
        2633  -6000.0000000000000        1500.0000000000000                0
        2634  -5500.0000000000000        1500.0000000000000                0
        2635  -5000.0000000000000        1500.0000000000000                0
        2636  -4500.0000000000000        1500.0000000000000                0
        2637  -4000.0000000000000        1500.0000000000000                0
        2638  -3500.0000000000000        1500.0000000000000                0
        2639  -3000.0000000000000        1500.0000000000000                0
        2640  -2500.0000000000000        1500.0000000000000                0
        2641  -2000.0000000000000        1500.0000000000000                0
        2642  -1500.0000000000000        1500.0000000000000                0
        2643  -1000.0000000000000        1500.0000000000000                0
        2644  -500.00000000000000        1500.0000000000000                0
        2645   0.0000000000000000        1500.0000000000000                0
        2646   500.00000000000000        1500.0000000000000                0
        2647   1000.0000000000000        1500.0000000000000                0
        2648   1500.0000000000000        1500.0000000000000                0
        2649   2000.0000000000000        1500.0000000000000                0
        2650   2500.0000000000000        1500.0000000000000                0
        2651   3000.0000000000000        1500.0000000000000                0
        2652   3500.0000000000000        1500.0000000000000                0
        2653   4000.0000000000000        1500.0000000000000                0
        2654   4500.0000000000000        1500.0000000000000                0
        2655   5000.0000000000000        1500.0000000000000                0
        2656   5500.0000000000000        1500.0000000000000                0
        2657   6000.0000000000000        1500.0000000000000                0
        2658   6500.0000000000000        1500.0000000000000                0
        2659   7000.0000000000000        1500.0000000000000                0
        2660   7500.0000000000000        1500.0000000000000                0
        2661   8000.0000000000000        1500.0000000000000                0
        2662   8500.0000000000000        1500.0000000000000                0
        2663   9000.0000000000000        1500.0000000000000                0
        2664   9500.0000000000000        1500.0000000000000                0
        2665   10000.000000000000        1500.0000000000000                0
        2666   10500.000000000000        1500.0000000000000                0
        2667   11000.000000000000        1500.0000000000000                0
        2668   11500.000000000000        1500.0000000000000                0
        2669   12000.000000000000        1500.0000000000000                0
        2670   12500.000000000000        1500.0000000000000                0
        2671   13000.000000000000        1500.0000000000000                0
        2672   13500.000000000000        1500.0000000000000                0
        2673   14000.000000000000        1500.0000000000000                0
        2674   14500.000000000000        1500.0000000000000                0
        2675   15000.000000000000        1500.0000000000000                0
        2676   15500.000000000000        1500.0000000000000                0
        2677   16000.000000000000        1500.0000000000000                0
        2678   16500.000000000000        1500.0000000000000                0
        2679   17000.000000000000        1500.0000000000000                0
        2680   17500.000000000000        1500.0000000000000                0
        2681   18000.000000000000        1500.0000000000000                0
        2682   18500.000000000000        1500.0000000000000                0
        2683   19000.000000000000        1500.0000000000000                0
        2684   19500.000000000000        1500.0000000000000                0
        2685   20000.000000000000        1500.0000000000000                0
        2686   20500.000000000000        1500.0000000000000                0
        2687   21000.000000000000        1500.0000000000000                0
        2688   21500.000000000000        1500.0000000000000                0
        2689   22000.000000000000        1500.0000000000000                0
        2690   22500.000000000000        1500.0000000000000                0
        2691   23000.000000000000        1500.0000000000000                0
        2692   23500.000000000000        1500.0000000000000                0
        2693   24000.000000000000        1500.0000000000000                0
        2694   24500.000000000000        1500.0000000000000                0
        2695   25000.000000000000        1500.0000000000000                0
        2696   25500.000000000000        1500.0000000000000                0
        2697   26000.000000000000        1500.0000000000000                0
        2698   26500.000000000000        1500.0000000000000                0
        2699   27000.000000000000        1500.0000000000000                0
        2700   27500.000000000000        1500.0000000000000                0
        2701   28000.000000000000        1500.0000000000000                0
        2702   28500.000000000000        1500.0000000000000                0
        2703   29000.000000000000        1500.0000000000000                0
        2704   29500.000000000000        1500.0000000000000                0
        2705   30000.000000000000        1500.0000000000000                0
        2706   30500.000000000000        1500.0000000000000                0
        2707   31000.000000000000        1500.0000000000000                0
        2708   31500.000000000000        1500.0000000000000                0
        2709   32000.000000000000        1500.0000000000000                1
        2710  -32000.000000000000        2000.0000000000000                1
        2711  -31500.000000000000        2000.0000000000000                0
        2712  -31000.000000000000        2000.0000000000000                0
        2713  -30500.000000000000        2000.0000000000000                0
        2714  -30000.000000000000        2000.0000000000000                0
        2715  -29500.000000000000        2000.0000000000000                0
        2716  -29000.000000000000        2000.0000000000000                0
        2717  -28500.000000000000        2000.0000000000000                0
        2718  -28000.000000000000        2000.0000000000000                0
        2719  -27500.000000000000        2000.0000000000000                0
        2720  -27000.000000000000        2000.0000000000000                0
        2721  -26500.000000000000        2000.0000000000000                0
        2722  -26000.000000000000        2000.0000000000000                0
        2723  -25500.000000000000        2000.0000000000000                0
        2724  -25000.000000000000        2000.0000000000000                0
        2725  -24500.000000000000        2000.0000000000000                0
        2726  -24000.000000000000        2000.0000000000000                0
        2727  -23500.000000000000        2000.0000000000000                0
        2728  -23000.000000000000        2000.0000000000000                0
        2729  -22500.000000000000        2000.0000000000000                0
        2730  -22000.000000000000        2000.0000000000000                0
        2731  -21500.000000000000        2000.0000000000000                0
        2732  -21000.000000000000        2000.0000000000000                0
        2733  -20500.000000000000        2000.0000000000000                0
        2734  -20000.000000000000        2000.0000000000000                0
        2735  -19500.000000000000        2000.0000000000000                0
        2736  -19000.000000000000        2000.0000000000000                0
        2737  -18500.000000000000        2000.0000000000000                0
        2738  -18000.000000000000        2000.0000000000000                0
        2739  -17500.000000000000        2000.0000000000000                0
        2740  -17000.000000000000        2000.0000000000000                0
        2741  -16500.000000000000        2000.0000000000000                0
        2742  -16000.000000000000        2000.0000000000000                0
        2743  -15500.000000000000        2000.0000000000000                0
        2744  -15000.000000000000        2000.0000000000000                0
        2745  -14500.000000000000        2000.0000000000000                0
        2746  -14000.000000000000        2000.0000000000000                0
        2747  -13500.000000000000        2000.0000000000000                0
        2748  -13000.000000000000        2000.0000000000000                0
        2749  -12500.000000000000        2000.0000000000000                0
        2750  -12000.000000000000        2000.0000000000000                0
        2751  -11500.000000000000        2000.0000000000000                0
        2752  -11000.000000000000        2000.0000000000000                0
        2753  -10500.000000000000        2000.0000000000000                0
        2754  -10000.000000000000        2000.0000000000000                0
        2755  -9500.0000000000000        2000.0000000000000                0
        2756  -9000.0000000000000        2000.0000000000000                0
        2757  -8500.0000000000000        2000.0000000000000                0
        2758  -8000.0000000000000        2000.0000000000000                0
        2759  -7500.0000000000000        2000.0000000000000                0
        2760  -7000.0000000000000        2000.0000000000000                0
        2761  -6500.0000000000000        2000.0000000000000                0
        2762  -6000.0000000000000        2000.0000000000000                0
        2763  -5500.0000000000000        2000.0000000000000                0
        2764  -5000.0000000000000        2000.0000000000000                0
        2765  -4500.0000000000000        2000.0000000000000                0
        2766  -4000.0000000000000        2000.0000000000000                0
        2767  -3500.0000000000000        2000.0000000000000                0
        2768  -3000.0000000000000        2000.0000000000000                0
        2769  -2500.0000000000000        2000.0000000000000                0
        2770  -2000.0000000000000        2000.0000000000000                0
        2771  -1500.0000000000000        2000.0000000000000                0
        2772  -1000.0000000000000        2000.0000000000000                0
        2773  -500.00000000000000        2000.0000000000000                0
        2774   0.0000000000000000        2000.0000000000000                0
        2775   500.00000000000000        2000.0000000000000                0
        2776   1000.0000000000000        2000.0000000000000                0
        2777   1500.0000000000000        2000.0000000000000                0
        2778   2000.0000000000000        2000.0000000000000                0
        2779   2500.0000000000000        2000.0000000000000                0
        2780   3000.0000000000000        2000.0000000000000                0
        2781   3500.0000000000000        2000.0000000000000                0
        2782   4000.0000000000000        2000.0000000000000                0
        2783   4500.0000000000000        2000.0000000000000                0
        2784   5000.0000000000000        2000.0000000000000                0
        2785   5500.0000000000000        2000.0000000000000                0
        2786   6000.0000000000000        2000.0000000000000                0
        2787   6500.0000000000000        2000.0000000000000                0
        2788   7000.0000000000000        2000.0000000000000                0
        2789   7500.0000000000000        2000.0000000000000                0
        2790   8000.0000000000000        2000.0000000000000                0
        2791   8500.0000000000000        2000.0000000000000                0
        2792   9000.0000000000000        2000.0000000000000                0
        2793   9500.0000000000000        2000.0000000000000                0
        2794   10000.000000000000        2000.0000000000000                0
        2795   10500.000000000000        2000.0000000000000                0
        2796   11000.000000000000        2000.0000000000000                0
        2797   11500.000000000000        2000.0000000000000                0
        2798   12000.000000000000        2000.0000000000000                0
        2799   12500.000000000000        2000.0000000000000                0
        2800   13000.000000000000        2000.0000000000000                0
        2801   13500.000000000000        2000.0000000000000                0
        2802   14000.000000000000        2000.0000000000000                0
        2803   14500.000000000000        2000.0000000000000                0
        2804   15000.000000000000        2000.0000000000000                0
        2805   15500.000000000000        2000.0000000000000                0
        2806   16000.000000000000        2000.0000000000000                0
        2807   16500.000000000000        2000.0000000000000                0
        2808   17000.000000000000        2000.0000000000000                0
        2809   17500.000000000000        2000.0000000000000                0
        2810   18000.000000000000        2000.0000000000000                0
        2811   18500.000000000000        2000.0000000000000                0
        2812   19000.000000000000        2000.0000000000000                0
        2813   19500.000000000000        2000.0000000000000                0
        2814   20000.000000000000        2000.0000000000000                0
        2815   20500.000000000000        2000.0000000000000                0
        2816   21000.000000000000        2000.0000000000000                0
        2817   21500.000000000000        2000.0000000000000                0
        2818   22000.000000000000        2000.0000000000000                0
        2819   22500.000000000000        2000.0000000000000                0
        2820   23000.000000000000        2000.0000000000000                0
        2821   23500.000000000000        2000.0000000000000                0
        2822   24000.000000000000        2000.0000000000000                0
        2823   24500.000000000000        2000.0000000000000                0
        2824   25000.000000000000        2000.0000000000000                0
        2825   25500.000000000000        2000.0000000000000                0
        2826   26000.000000000000        2000.0000000000000                0
        2827   26500.000000000000        2000.0000000000000                0
        2828   27000.000000000000        2000.0000000000000                0
        2829   27500.000000000000        2000.0000000000000                0
        2830   28000.000000000000        2000.0000000000000                0
        2831   28500.000000000000        2000.0000000000000                0
        2832   29000.000000000000        2000.0000000000000                0
        2833   29500.000000000000        2000.0000000000000                0
        2834   30000.000000000000        2000.0000000000000                0
        2835   30500.000000000000        2000.0000000000000                0
        2836   31000.000000000000        2000.0000000000000                0
        2837   31500.000000000000        2000.0000000000000                0
        2838   32000.000000000000        2000.0000000000000                1
        2839  -32000.000000000000        2500.0000000000000                1
        2840  -31500.000000000000        2500.0000000000000                0
        2841  -31000.000000000000        2500.0000000000000                0
        2842  -30500.000000000000        2500.0000000000000                0
        2843  -30000.000000000000        2500.0000000000000                0
        2844  -29500.000000000000        2500.0000000000000                0
        2845  -29000.000000000000        2500.0000000000000                0
        2846  -28500.000000000000        2500.0000000000000                0
        2847  -28000.000000000000        2500.0000000000000                0
        2848  -27500.000000000000        2500.0000000000000                0
        2849  -27000.000000000000        2500.0000000000000                0
        2850  -26500.000000000000        2500.0000000000000                0
        2851  -26000.000000000000        2500.0000000000000                0
        2852  -25500.000000000000        2500.0000000000000                0
        2853  -25000.000000000000        2500.0000000000000                0
        2854  -24500.000000000000        2500.0000000000000                0
        2855  -24000.000000000000        2500.0000000000000                0
        2856  -23500.000000000000        2500.0000000000000                0
        2857  -23000.000000000000        2500.0000000000000                0
        2858  -22500.000000000000        2500.0000000000000                0
        2859  -22000.000000000000        2500.0000000000000                0
        2860  -21500.000000000000        2500.0000000000000                0
        2861  -21000.000000000000        2500.0000000000000                0
        2862  -20500.000000000000        2500.0000000000000                0
        2863  -20000.000000000000        2500.0000000000000                0
        2864  -19500.000000000000        2500.0000000000000                0
        2865  -19000.000000000000        2500.0000000000000                0
        2866  -18500.000000000000        2500.0000000000000                0
        2867  -18000.000000000000        2500.0000000000000                0
        2868  -17500.000000000000        2500.0000000000000                0
        2869  -17000.000000000000        2500.0000000000000                0
        2870  -16500.000000000000        2500.0000000000000                0
        2871  -16000.000000000000        2500.0000000000000                0
        2872  -15500.000000000000        2500.0000000000000                0
        2873  -15000.000000000000        2500.0000000000000                0
        2874  -14500.000000000000        2500.0000000000000                0
        2875  -14000.000000000000        2500.0000000000000                0
        2876  -13500.000000000000        2500.0000000000000                0
        2877  -13000.000000000000        2500.0000000000000                0
        2878  -12500.000000000000        2500.0000000000000                0
        2879  -12000.000000000000        2500.0000000000000                0
        2880  -11500.000000000000        2500.0000000000000                0
        2881  -11000.000000000000        2500.0000000000000                0
        2882  -10500.000000000000        2500.0000000000000                0
        2883  -10000.000000000000        2500.0000000000000                0
        2884  -9500.0000000000000        2500.0000000000000                0
        2885  -9000.0000000000000        2500.0000000000000                0
        2886  -8500.0000000000000        2500.0000000000000                0
        2887  -8000.0000000000000        2500.0000000000000                0
        2888  -7500.0000000000000        2500.0000000000000                0
        2889  -7000.0000000000000        2500.0000000000000                0
        2890  -6500.0000000000000        2500.0000000000000                0
        2891  -6000.0000000000000        2500.0000000000000                0
        2892  -5500.0000000000000        2500.0000000000000                0
        2893  -5000.0000000000000        2500.0000000000000                0
        2894  -4500.0000000000000        2500.0000000000000                0
        2895  -4000.0000000000000        2500.0000000000000                0
        2896  -3500.0000000000000        2500.0000000000000                0
        2897  -3000.0000000000000        2500.0000000000000                0
        2898  -2500.0000000000000        2500.0000000000000                0
        2899  -2000.0000000000000        2500.0000000000000                0
        2900  -1500.0000000000000        2500.0000000000000                0
        2901  -1000.0000000000000        2500.0000000000000                0
        2902  -500.00000000000000        2500.0000000000000                0
        2903   0.0000000000000000        2500.0000000000000                0
        2904   500.00000000000000        2500.0000000000000                0
        2905   1000.0000000000000        2500.0000000000000                0
        2906   1500.0000000000000        2500.0000000000000                0
        2907   2000.0000000000000        2500.0000000000000                0
        2908   2500.0000000000000        2500.0000000000000                0
        2909   3000.0000000000000        2500.0000000000000                0
        2910   3500.0000000000000        2500.0000000000000                0
        2911   4000.0000000000000        2500.0000000000000                0
        2912   4500.0000000000000        2500.0000000000000                0
        2913   5000.0000000000000        2500.0000000000000                0
        2914   5500.0000000000000        2500.0000000000000                0
        2915   6000.0000000000000        2500.0000000000000                0
        2916   6500.0000000000000        2500.0000000000000                0
        2917   7000.0000000000000        2500.0000000000000                0
        2918   7500.0000000000000        2500.0000000000000                0
        2919   8000.0000000000000        2500.0000000000000                0
        2920   8500.0000000000000        2500.0000000000000                0
        2921   9000.0000000000000        2500.0000000000000                0
        2922   9500.0000000000000        2500.0000000000000                0
        2923   10000.000000000000        2500.0000000000000                0
        2924   10500.000000000000        2500.0000000000000                0
        2925   11000.000000000000        2500.0000000000000                0
        2926   11500.000000000000        2500.0000000000000                0
        2927   12000.000000000000        2500.0000000000000                0
        2928   12500.000000000000        2500.0000000000000                0
        2929   13000.000000000000        2500.0000000000000                0
        2930   13500.000000000000        2500.0000000000000                0
        2931   14000.000000000000        2500.0000000000000                0
        2932   14500.000000000000        2500.0000000000000                0
        2933   15000.000000000000        2500.0000000000000                0
        2934   15500.000000000000        2500.0000000000000                0
        2935   16000.000000000000        2500.0000000000000                0
        2936   16500.000000000000        2500.0000000000000                0
        2937   17000.000000000000        2500.0000000000000                0
        2938   17500.000000000000        2500.0000000000000                0
        2939   18000.000000000000        2500.0000000000000                0
        2940   18500.000000000000        2500.0000000000000                0
        2941   19000.000000000000        2500.0000000000000                0
        2942   19500.000000000000        2500.0000000000000                0
        2943   20000.000000000000        2500.0000000000000                0
        2944   20500.000000000000        2500.0000000000000                0
        2945   21000.000000000000        2500.0000000000000                0
        2946   21500.000000000000        2500.0000000000000                0
        2947   22000.000000000000        2500.0000000000000                0
        2948   22500.000000000000        2500.0000000000000                0
        2949   23000.000000000000        2500.0000000000000                0
        2950   23500.000000000000        2500.0000000000000                0
        2951   24000.000000000000        2500.0000000000000                0
        2952   24500.000000000000        2500.0000000000000                0
        2953   25000.000000000000        2500.0000000000000                0
        2954   25500.000000000000        2500.0000000000000                0
        2955   26000.000000000000        2500.0000000000000                0
        2956   26500.000000000000        2500.0000000000000                0
        2957   27000.000000000000        2500.0000000000000                0
        2958   27500.000000000000        2500.0000000000000                0
        2959   28000.000000000000        2500.0000000000000                0
        2960   28500.000000000000        2500.0000000000000                0
        2961   29000.000000000000        2500.0000000000000                0
        2962   29500.000000000000        2500.0000000000000                0
        2963   30000.000000000000        2500.0000000000000                0
        2964   30500.000000000000        2500.0000000000000                0
        2965   31000.000000000000        2500.0000000000000                0
        2966   31500.000000000000        2500.0000000000000                0
        2967   32000.000000000000        2500.0000000000000                1
        2968  -32000.000000000000        3000.0000000000000                1
        2969  -31500.000000000000        3000.0000000000000                0
        2970  -31000.000000000000        3000.0000000000000                0
        2971  -30500.000000000000        3000.0000000000000                0
        2972  -30000.000000000000        3000.0000000000000                0
        2973  -29500.000000000000        3000.0000000000000                0
        2974  -29000.000000000000        3000.0000000000000                0
        2975  -28500.000000000000        3000.0000000000000                0
        2976  -28000.000000000000        3000.0000000000000                0
        2977  -27500.000000000000        3000.0000000000000                0
        2978  -27000.000000000000        3000.0000000000000                0
        2979  -26500.000000000000        3000.0000000000000                0
        2980  -26000.000000000000        3000.0000000000000                0
        2981  -25500.000000000000        3000.0000000000000                0
        2982  -25000.000000000000        3000.0000000000000                0
        2983  -24500.000000000000        3000.0000000000000                0
        2984  -24000.000000000000        3000.0000000000000                0
        2985  -23500.000000000000        3000.0000000000000                0
        2986  -23000.000000000000        3000.0000000000000                0
        2987  -22500.000000000000        3000.0000000000000                0
        2988  -22000.000000000000        3000.0000000000000                0
        2989  -21500.000000000000        3000.0000000000000                0
        2990  -21000.000000000000        3000.0000000000000                0
        2991  -20500.000000000000        3000.0000000000000                0
        2992  -20000.000000000000        3000.0000000000000                0
        2993  -19500.000000000000        3000.0000000000000                0
        2994  -19000.000000000000        3000.0000000000000                0
        2995  -18500.000000000000        3000.0000000000000                0
        2996  -18000.000000000000        3000.0000000000000                0
        2997  -17500.000000000000        3000.0000000000000                0
        2998  -17000.000000000000        3000.0000000000000                0
        2999  -16500.000000000000        3000.0000000000000                0
        3000  -16000.000000000000        3000.0000000000000                0
        3001  -15500.000000000000        3000.0000000000000                0
        3002  -15000.000000000000        3000.0000000000000                0
        3003  -14500.000000000000        3000.0000000000000                0
        3004  -14000.000000000000        3000.0000000000000                0
        3005  -13500.000000000000        3000.0000000000000                0
        3006  -13000.000000000000        3000.0000000000000                0
        3007  -12500.000000000000        3000.0000000000000                0
        3008  -12000.000000000000        3000.0000000000000                0
        3009  -11500.000000000000        3000.0000000000000                0
        3010  -11000.000000000000        3000.0000000000000                0
        3011  -10500.000000000000        3000.0000000000000                0
        3012  -10000.000000000000        3000.0000000000000                0
        3013  -9500.0000000000000        3000.0000000000000                0
        3014  -9000.0000000000000        3000.0000000000000                0
        3015  -8500.0000000000000        3000.0000000000000                0
        3016  -8000.0000000000000        3000.0000000000000                0
        3017  -7500.0000000000000        3000.0000000000000                0
        3018  -7000.0000000000000        3000.0000000000000                0
        3019  -6500.0000000000000        3000.0000000000000                0
        3020  -6000.0000000000000        3000.0000000000000                0
        3021  -5500.0000000000000        3000.0000000000000                0
        3022  -5000.0000000000000        3000.0000000000000                0
        3023  -4500.0000000000000        3000.0000000000000                0
        3024  -4000.0000000000000        3000.0000000000000                0
        3025  -3500.0000000000000        3000.0000000000000                0
        3026  -3000.0000000000000        3000.0000000000000                0
        3027  -2500.0000000000000        3000.0000000000000                0
        3028  -2000.0000000000000        3000.0000000000000                0
        3029  -1500.0000000000000        3000.0000000000000                0
        3030  -1000.0000000000000        3000.0000000000000                0
        3031  -500.00000000000000        3000.0000000000000                0
        3032   0.0000000000000000        3000.0000000000000                0
        3033   500.00000000000000        3000.0000000000000                0
        3034   1000.0000000000000        3000.0000000000000                0
        3035   1500.0000000000000        3000.0000000000000                0
        3036   2000.0000000000000        3000.0000000000000                0
        3037   2500.0000000000000        3000.0000000000000                0
        3038   3000.0000000000000        3000.0000000000000                0
        3039   3500.0000000000000        3000.0000000000000                0
        3040   4000.0000000000000        3000.0000000000000                0
        3041   4500.0000000000000        3000.0000000000000                0
        3042   5000.0000000000000        3000.0000000000000                0
        3043   5500.0000000000000        3000.0000000000000                0
        3044   6000.0000000000000        3000.0000000000000                0
        3045   6500.0000000000000        3000.0000000000000                0
        3046   7000.0000000000000        3000.0000000000000                0
        3047   7500.0000000000000        3000.0000000000000                0
        3048   8000.0000000000000        3000.0000000000000                0
        3049   8500.0000000000000        3000.0000000000000                0
        3050   9000.0000000000000        3000.0000000000000                0
        3051   9500.0000000000000        3000.0000000000000                0
        3052   10000.000000000000        3000.0000000000000                0
        3053   10500.000000000000        3000.0000000000000                0
        3054   11000.000000000000        3000.0000000000000                0
        3055   11500.000000000000        3000.0000000000000                0
        3056   12000.000000000000        3000.0000000000000                0
        3057   12500.000000000000        3000.0000000000000                0
        3058   13000.000000000000        3000.0000000000000                0
        3059   13500.000000000000        3000.0000000000000                0
        3060   14000.000000000000        3000.0000000000000                0
        3061   14500.000000000000        3000.0000000000000                0
        3062   15000.000000000000        3000.0000000000000                0
        3063   15500.000000000000        3000.0000000000000                0
        3064   16000.000000000000        3000.0000000000000                0
        3065   16500.000000000000        3000.0000000000000                0
        3066   17000.000000000000        3000.0000000000000                0
        3067   17500.000000000000        3000.0000000000000                0
        3068   18000.000000000000        3000.0000000000000                0
        3069   18500.000000000000        3000.0000000000000                0
        3070   19000.000000000000        3000.0000000000000                0
        3071   19500.000000000000        3000.0000000000000                0
        3072   20000.000000000000        3000.0000000000000                0
        3073   20500.000000000000        3000.0000000000000                0
        3074   21000.000000000000        3000.0000000000000                0
        3075   21500.000000000000        3000.0000000000000                0
        3076   22000.000000000000        3000.0000000000000                0
        3077   22500.000000000000        3000.0000000000000                0
        3078   23000.000000000000        3000.0000000000000                0
        3079   23500.000000000000        3000.0000000000000                0
        3080   24000.000000000000        3000.0000000000000                0
        3081   24500.000000000000        3000.0000000000000                0
        3082   25000.000000000000        3000.0000000000000                0
        3083   25500.000000000000        3000.0000000000000                0
        3084   26000.000000000000        3000.0000000000000                0
        3085   26500.000000000000        3000.0000000000000                0
        3086   27000.000000000000        3000.0000000000000                0
        3087   27500.000000000000        3000.0000000000000                0
        3088   28000.000000000000        3000.0000000000000                0
        3089   28500.000000000000        3000.0000000000000                0
        3090   29000.000000000000        3000.0000000000000                0
        3091   29500.000000000000        3000.0000000000000                0
        3092   30000.000000000000        3000.0000000000000                0
        3093   30500.000000000000        3000.0000000000000                0
        3094   31000.000000000000        3000.0000000000000                0
        3095   31500.000000000000        3000.0000000000000                0
        3096   32000.000000000000        3000.0000000000000                1
        3097  -32000.000000000000        3500.0000000000000                1
        3098  -31500.000000000000        3500.0000000000000                0
        3099  -31000.000000000000        3500.0000000000000                0
        3100  -30500.000000000000        3500.0000000000000                0
        3101  -30000.000000000000        3500.0000000000000                0
        3102  -29500.000000000000        3500.0000000000000                0
        3103  -29000.000000000000        3500.0000000000000                0
        3104  -28500.000000000000        3500.0000000000000                0
        3105  -28000.000000000000        3500.0000000000000                0
        3106  -27500.000000000000        3500.0000000000000                0
        3107  -27000.000000000000        3500.0000000000000                0
        3108  -26500.000000000000        3500.0000000000000                0
        3109  -26000.000000000000        3500.0000000000000                0
        3110  -25500.000000000000        3500.0000000000000                0
        3111  -25000.000000000000        3500.0000000000000                0
        3112  -24500.000000000000        3500.0000000000000                0
        3113  -24000.000000000000        3500.0000000000000                0
        3114  -23500.000000000000        3500.0000000000000                0
        3115  -23000.000000000000        3500.0000000000000                0
        3116  -22500.000000000000        3500.0000000000000                0
        3117  -22000.000000000000        3500.0000000000000                0
        3118  -21500.000000000000        3500.0000000000000                0
        3119  -21000.000000000000        3500.0000000000000                0
        3120  -20500.000000000000        3500.0000000000000                0
        3121  -20000.000000000000        3500.0000000000000                0
        3122  -19500.000000000000        3500.0000000000000                0
        3123  -19000.000000000000        3500.0000000000000                0
        3124  -18500.000000000000        3500.0000000000000                0
        3125  -18000.000000000000        3500.0000000000000                0
        3126  -17500.000000000000        3500.0000000000000                0
        3127  -17000.000000000000        3500.0000000000000                0
        3128  -16500.000000000000        3500.0000000000000                0
        3129  -16000.000000000000        3500.0000000000000                0
        3130  -15500.000000000000        3500.0000000000000                0
        3131  -15000.000000000000        3500.0000000000000                0
        3132  -14500.000000000000        3500.0000000000000                0
        3133  -14000.000000000000        3500.0000000000000                0
        3134  -13500.000000000000        3500.0000000000000                0
        3135  -13000.000000000000        3500.0000000000000                0
        3136  -12500.000000000000        3500.0000000000000                0
        3137  -12000.000000000000        3500.0000000000000                0
        3138  -11500.000000000000        3500.0000000000000                0
        3139  -11000.000000000000        3500.0000000000000                0
        3140  -10500.000000000000        3500.0000000000000                0
        3141  -10000.000000000000        3500.0000000000000                0
        3142  -9500.0000000000000        3500.0000000000000                0
        3143  -9000.0000000000000        3500.0000000000000                0
        3144  -8500.0000000000000        3500.0000000000000                0
        3145  -8000.0000000000000        3500.0000000000000                0
        3146  -7500.0000000000000        3500.0000000000000                0
        3147  -7000.0000000000000        3500.0000000000000                0
        3148  -6500.0000000000000        3500.0000000000000                0
        3149  -6000.0000000000000        3500.0000000000000                0
        3150  -5500.0000000000000        3500.0000000000000                0
        3151  -5000.0000000000000        3500.0000000000000                0
        3152  -4500.0000000000000        3500.0000000000000                0
        3153  -4000.0000000000000        3500.0000000000000                0
        3154  -3500.0000000000000        3500.0000000000000                0
        3155  -3000.0000000000000        3500.0000000000000                0
        3156  -2500.0000000000000        3500.0000000000000                0
        3157  -2000.0000000000000        3500.0000000000000                0
        3158  -1500.0000000000000        3500.0000000000000                0
        3159  -1000.0000000000000        3500.0000000000000                0
        3160  -500.00000000000000        3500.0000000000000                0
        3161   0.0000000000000000        3500.0000000000000                0
        3162   500.00000000000000        3500.0000000000000                0
        3163   1000.0000000000000        3500.0000000000000                0
        3164   1500.0000000000000        3500.0000000000000                0
        3165   2000.0000000000000        3500.0000000000000                0
        3166   2500.0000000000000        3500.0000000000000                0
        3167   3000.0000000000000        3500.0000000000000                0
        3168   3500.0000000000000        3500.0000000000000                0
        3169   4000.0000000000000        3500.0000000000000                0
        3170   4500.0000000000000        3500.0000000000000                0
        3171   5000.0000000000000        3500.0000000000000                0
        3172   5500.0000000000000        3500.0000000000000                0
        3173   6000.0000000000000        3500.0000000000000                0
        3174   6500.0000000000000        3500.0000000000000                0
        3175   7000.0000000000000        3500.0000000000000                0
        3176   7500.0000000000000        3500.0000000000000                0
        3177   8000.0000000000000        3500.0000000000000                0
        3178   8500.0000000000000        3500.0000000000000                0
        3179   9000.0000000000000        3500.0000000000000                0
        3180   9500.0000000000000        3500.0000000000000                0
        3181   10000.000000000000        3500.0000000000000                0
        3182   10500.000000000000        3500.0000000000000                0
        3183   11000.000000000000        3500.0000000000000                0
        3184   11500.000000000000        3500.0000000000000                0
        3185   12000.000000000000        3500.0000000000000                0
        3186   12500.000000000000        3500.0000000000000                0
        3187   13000.000000000000        3500.0000000000000                0
        3188   13500.000000000000        3500.0000000000000                0
        3189   14000.000000000000        3500.0000000000000                0
        3190   14500.000000000000        3500.0000000000000                0
        3191   15000.000000000000        3500.0000000000000                0
        3192   15500.000000000000        3500.0000000000000                0
        3193   16000.000000000000        3500.0000000000000                0
        3194   16500.000000000000        3500.0000000000000                0
        3195   17000.000000000000        3500.0000000000000                0
        3196   17500.000000000000        3500.0000000000000                0
        3197   18000.000000000000        3500.0000000000000                0
        3198   18500.000000000000        3500.0000000000000                0
        3199   19000.000000000000        3500.0000000000000                0
        3200   19500.000000000000        3500.0000000000000                0
        3201   20000.000000000000        3500.0000000000000                0
        3202   20500.000000000000        3500.0000000000000                0
        3203   21000.000000000000        3500.0000000000000                0
        3204   21500.000000000000        3500.0000000000000                0
        3205   22000.000000000000        3500.0000000000000                0
        3206   22500.000000000000        3500.0000000000000                0
        3207   23000.000000000000        3500.0000000000000                0
        3208   23500.000000000000        3500.0000000000000                0
        3209   24000.000000000000        3500.0000000000000                0
        3210   24500.000000000000        3500.0000000000000                0
        3211   25000.000000000000        3500.0000000000000                0
        3212   25500.000000000000        3500.0000000000000                0
        3213   26000.000000000000        3500.0000000000000                0
        3214   26500.000000000000        3500.0000000000000                0
        3215   27000.000000000000        3500.0000000000000                0
        3216   27500.000000000000        3500.0000000000000                0
        3217   28000.000000000000        3500.0000000000000                0
        3218   28500.000000000000        3500.0000000000000                0
        3219   29000.000000000000        3500.0000000000000                0
        3220   29500.000000000000        3500.0000000000000                0
        3221   30000.000000000000        3500.0000000000000                0
        3222   30500.000000000000        3500.0000000000000                0
        3223   31000.000000000000        3500.0000000000000                0
        3224   31500.000000000000        3500.0000000000000                0
        3225   32000.000000000000        3500.0000000000000                1
        3226  -32000.000000000000        4000.0000000000000                1
        3227  -31500.000000000000        4000.0000000000000                0
        3228  -31000.000000000000        4000.0000000000000                0
        3229  -30500.000000000000        4000.0000000000000                0
        3230  -30000.000000000000        4000.0000000000000                0
        3231  -29500.000000000000        4000.0000000000000                0
        3232  -29000.000000000000        4000.0000000000000                0
        3233  -28500.000000000000        4000.0000000000000                0
        3234  -28000.000000000000        4000.0000000000000                0
        3235  -27500.000000000000        4000.0000000000000                0
        3236  -27000.000000000000        4000.0000000000000                0
        3237  -26500.000000000000        4000.0000000000000                0
        3238  -26000.000000000000        4000.0000000000000                0
        3239  -25500.000000000000        4000.0000000000000                0
        3240  -25000.000000000000        4000.0000000000000                0
        3241  -24500.000000000000        4000.0000000000000                0
        3242  -24000.000000000000        4000.0000000000000                0
        3243  -23500.000000000000        4000.0000000000000                0
        3244  -23000.000000000000        4000.0000000000000                0
        3245  -22500.000000000000        4000.0000000000000                0
        3246  -22000.000000000000        4000.0000000000000                0
        3247  -21500.000000000000        4000.0000000000000                0
        3248  -21000.000000000000        4000.0000000000000                0
        3249  -20500.000000000000        4000.0000000000000                0
        3250  -20000.000000000000        4000.0000000000000                0
        3251  -19500.000000000000        4000.0000000000000                0
        3252  -19000.000000000000        4000.0000000000000                0
        3253  -18500.000000000000        4000.0000000000000                0
        3254  -18000.000000000000        4000.0000000000000                0
        3255  -17500.000000000000        4000.0000000000000                0
        3256  -17000.000000000000        4000.0000000000000                0
        3257  -16500.000000000000        4000.0000000000000                0
        3258  -16000.000000000000        4000.0000000000000                0
        3259  -15500.000000000000        4000.0000000000000                0
        3260  -15000.000000000000        4000.0000000000000                0
        3261  -14500.000000000000        4000.0000000000000                0
        3262  -14000.000000000000        4000.0000000000000                0
        3263  -13500.000000000000        4000.0000000000000                0
        3264  -13000.000000000000        4000.0000000000000                0
        3265  -12500.000000000000        4000.0000000000000                0
        3266  -12000.000000000000        4000.0000000000000                0
        3267  -11500.000000000000        4000.0000000000000                0
        3268  -11000.000000000000        4000.0000000000000                0
        3269  -10500.000000000000        4000.0000000000000                0
        3270  -10000.000000000000        4000.0000000000000                0
        3271  -9500.0000000000000        4000.0000000000000                0
        3272  -9000.0000000000000        4000.0000000000000                0
        3273  -8500.0000000000000        4000.0000000000000                0
        3274  -8000.0000000000000        4000.0000000000000                0
        3275  -7500.0000000000000        4000.0000000000000                0
        3276  -7000.0000000000000        4000.0000000000000                0
        3277  -6500.0000000000000        4000.0000000000000                0
        3278  -6000.0000000000000        4000.0000000000000                0
        3279  -5500.0000000000000        4000.0000000000000                0
        3280  -5000.0000000000000        4000.0000000000000                0
        3281  -4500.0000000000000        4000.0000000000000                0
        3282  -4000.0000000000000        4000.0000000000000                0
        3283  -3500.0000000000000        4000.0000000000000                0
        3284  -3000.0000000000000        4000.0000000000000                0
        3285  -2500.0000000000000        4000.0000000000000                0
        3286  -2000.0000000000000        4000.0000000000000                0
        3287  -1500.0000000000000        4000.0000000000000                0
        3288  -1000.0000000000000        4000.0000000000000                0
        3289  -500.00000000000000        4000.0000000000000                0
        3290   0.0000000000000000        4000.0000000000000                0
        3291   500.00000000000000        4000.0000000000000                0
        3292   1000.0000000000000        4000.0000000000000                0
        3293   1500.0000000000000        4000.0000000000000                0
        3294   2000.0000000000000        4000.0000000000000                0
        3295   2500.0000000000000        4000.0000000000000                0
        3296   3000.0000000000000        4000.0000000000000                0
        3297   3500.0000000000000        4000.0000000000000                0
        3298   4000.0000000000000        4000.0000000000000                0
        3299   4500.0000000000000        4000.0000000000000                0
        3300   5000.0000000000000        4000.0000000000000                0
        3301   5500.0000000000000        4000.0000000000000                0
        3302   6000.0000000000000        4000.0000000000000                0
        3303   6500.0000000000000        4000.0000000000000                0
        3304   7000.0000000000000        4000.0000000000000                0
        3305   7500.0000000000000        4000.0000000000000                0
        3306   8000.0000000000000        4000.0000000000000                0
        3307   8500.0000000000000        4000.0000000000000                0
        3308   9000.0000000000000        4000.0000000000000                0
        3309   9500.0000000000000        4000.0000000000000                0
        3310   10000.000000000000        4000.0000000000000                0
        3311   10500.000000000000        4000.0000000000000                0
        3312   11000.000000000000        4000.0000000000000                0
        3313   11500.000000000000        4000.0000000000000                0
        3314   12000.000000000000        4000.0000000000000                0
        3315   12500.000000000000        4000.0000000000000                0
        3316   13000.000000000000        4000.0000000000000                0
        3317   13500.000000000000        4000.0000000000000                0
        3318   14000.000000000000        4000.0000000000000                0
        3319   14500.000000000000        4000.0000000000000                0
        3320   15000.000000000000        4000.0000000000000                0
        3321   15500.000000000000        4000.0000000000000                0
        3322   16000.000000000000        4000.0000000000000                0
        3323   16500.000000000000        4000.0000000000000                0
        3324   17000.000000000000        4000.0000000000000                0
        3325   17500.000000000000        4000.0000000000000                0
        3326   18000.000000000000        4000.0000000000000                0
        3327   18500.000000000000        4000.0000000000000                0
        3328   19000.000000000000        4000.0000000000000                0
        3329   19500.000000000000        4000.0000000000000                0
        3330   20000.000000000000        4000.0000000000000                0
        3331   20500.000000000000        4000.0000000000000                0
        3332   21000.000000000000        4000.0000000000000                0
        3333   21500.000000000000        4000.0000000000000                0
        3334   22000.000000000000        4000.0000000000000                0
        3335   22500.000000000000        4000.0000000000000                0
        3336   23000.000000000000        4000.0000000000000                0
        3337   23500.000000000000        4000.0000000000000                0
        3338   24000.000000000000        4000.0000000000000                0
        3339   24500.000000000000        4000.0000000000000                0
        3340   25000.000000000000        4000.0000000000000                0
        3341   25500.000000000000        4000.0000000000000                0
        3342   26000.000000000000        4000.0000000000000                0
        3343   26500.000000000000        4000.0000000000000                0
        3344   27000.000000000000        4000.0000000000000                0
        3345   27500.000000000000        4000.0000000000000                0
        3346   28000.000000000000        4000.0000000000000                0
        3347   28500.000000000000        4000.0000000000000                0
        3348   29000.000000000000        4000.0000000000000                0
        3349   29500.000000000000        4000.0000000000000                0
        3350   30000.000000000000        4000.0000000000000                0
        3351   30500.000000000000        4000.0000000000000                0
        3352   31000.000000000000        4000.0000000000000                0
        3353   31500.000000000000        4000.0000000000000                0
        3354   32000.000000000000        4000.0000000000000                1
        3355  -32000.000000000000        4500.0000000000000                1
        3356  -31500.000000000000        4500.0000000000000                0
        3357  -31000.000000000000        4500.0000000000000                0
        3358  -30500.000000000000        4500.0000000000000                0
        3359  -30000.000000000000        4500.0000000000000                0
        3360  -29500.000000000000        4500.0000000000000                0
        3361  -29000.000000000000        4500.0000000000000                0
        3362  -28500.000000000000        4500.0000000000000                0
        3363  -28000.000000000000        4500.0000000000000                0
        3364  -27500.000000000000        4500.0000000000000                0
        3365  -27000.000000000000        4500.0000000000000                0
        3366  -26500.000000000000        4500.0000000000000                0
        3367  -26000.000000000000        4500.0000000000000                0
        3368  -25500.000000000000        4500.0000000000000                0
        3369  -25000.000000000000        4500.0000000000000                0
        3370  -24500.000000000000        4500.0000000000000                0
        3371  -24000.000000000000        4500.0000000000000                0
        3372  -23500.000000000000        4500.0000000000000                0
        3373  -23000.000000000000        4500.0000000000000                0
        3374  -22500.000000000000        4500.0000000000000                0
        3375  -22000.000000000000        4500.0000000000000                0
        3376  -21500.000000000000        4500.0000000000000                0
        3377  -21000.000000000000        4500.0000000000000                0
        3378  -20500.000000000000        4500.0000000000000                0
        3379  -20000.000000000000        4500.0000000000000                0
        3380  -19500.000000000000        4500.0000000000000                0
        3381  -19000.000000000000        4500.0000000000000                0
        3382  -18500.000000000000        4500.0000000000000                0
        3383  -18000.000000000000        4500.0000000000000                0
        3384  -17500.000000000000        4500.0000000000000                0
        3385  -17000.000000000000        4500.0000000000000                0
        3386  -16500.000000000000        4500.0000000000000                0
        3387  -16000.000000000000        4500.0000000000000                0
        3388  -15500.000000000000        4500.0000000000000                0
        3389  -15000.000000000000        4500.0000000000000                0
        3390  -14500.000000000000        4500.0000000000000                0
        3391  -14000.000000000000        4500.0000000000000                0
        3392  -13500.000000000000        4500.0000000000000                0
        3393  -13000.000000000000        4500.0000000000000                0
        3394  -12500.000000000000        4500.0000000000000                0
        3395  -12000.000000000000        4500.0000000000000                0
        3396  -11500.000000000000        4500.0000000000000                0
        3397  -11000.000000000000        4500.0000000000000                0
        3398  -10500.000000000000        4500.0000000000000                0
        3399  -10000.000000000000        4500.0000000000000                0
        3400  -9500.0000000000000        4500.0000000000000                0
        3401  -9000.0000000000000        4500.0000000000000                0
        3402  -8500.0000000000000        4500.0000000000000                0
        3403  -8000.0000000000000        4500.0000000000000                0
        3404  -7500.0000000000000        4500.0000000000000                0
        3405  -7000.0000000000000        4500.0000000000000                0
        3406  -6500.0000000000000        4500.0000000000000                0
        3407  -6000.0000000000000        4500.0000000000000                0
        3408  -5500.0000000000000        4500.0000000000000                0
        3409  -5000.0000000000000        4500.0000000000000                0
        3410  -4500.0000000000000        4500.0000000000000                0
        3411  -4000.0000000000000        4500.0000000000000                0
        3412  -3500.0000000000000        4500.0000000000000                0
        3413  -3000.0000000000000        4500.0000000000000                0
        3414  -2500.0000000000000        4500.0000000000000                0
        3415  -2000.0000000000000        4500.0000000000000                0
        3416  -1500.0000000000000        4500.0000000000000                0
        3417  -1000.0000000000000        4500.0000000000000                0
        3418  -500.00000000000000        4500.0000000000000                0
        3419   0.0000000000000000        4500.0000000000000                0
        3420   500.00000000000000        4500.0000000000000                0
        3421   1000.0000000000000        4500.0000000000000                0
        3422   1500.0000000000000        4500.0000000000000                0
        3423   2000.0000000000000        4500.0000000000000                0
        3424   2500.0000000000000        4500.0000000000000                0
        3425   3000.0000000000000        4500.0000000000000                0
        3426   3500.0000000000000        4500.0000000000000                0
        3427   4000.0000000000000        4500.0000000000000                0
        3428   4500.0000000000000        4500.0000000000000                0
        3429   5000.0000000000000        4500.0000000000000                0
        3430   5500.0000000000000        4500.0000000000000                0
        3431   6000.0000000000000        4500.0000000000000                0
        3432   6500.0000000000000        4500.0000000000000                0
        3433   7000.0000000000000        4500.0000000000000                0
        3434   7500.0000000000000        4500.0000000000000                0
        3435   8000.0000000000000        4500.0000000000000                0
        3436   8500.0000000000000        4500.0000000000000                0
        3437   9000.0000000000000        4500.0000000000000                0
        3438   9500.0000000000000        4500.0000000000000                0
        3439   10000.000000000000        4500.0000000000000                0
        3440   10500.000000000000        4500.0000000000000                0
        3441   11000.000000000000        4500.0000000000000                0
        3442   11500.000000000000        4500.0000000000000                0
        3443   12000.000000000000        4500.0000000000000                0
        3444   12500.000000000000        4500.0000000000000                0
        3445   13000.000000000000        4500.0000000000000                0
        3446   13500.000000000000        4500.0000000000000                0
        3447   14000.000000000000        4500.0000000000000                0
        3448   14500.000000000000        4500.0000000000000                0
        3449   15000.000000000000        4500.0000000000000                0
        3450   15500.000000000000        4500.0000000000000                0
        3451   16000.000000000000        4500.0000000000000                0
        3452   16500.000000000000        4500.0000000000000                0
        3453   17000.000000000000        4500.0000000000000                0
        3454   17500.000000000000        4500.0000000000000                0
        3455   18000.000000000000        4500.0000000000000                0
        3456   18500.000000000000        4500.0000000000000                0
        3457   19000.000000000000        4500.0000000000000                0
        3458   19500.000000000000        4500.0000000000000                0
        3459   20000.000000000000        4500.0000000000000                0
        3460   20500.000000000000        4500.0000000000000                0
        3461   21000.000000000000        4500.0000000000000                0
        3462   21500.000000000000        4500.0000000000000                0
        3463   22000.000000000000        4500.0000000000000                0
        3464   22500.000000000000        4500.0000000000000                0
        3465   23000.000000000000        4500.0000000000000                0
        3466   23500.000000000000        4500.0000000000000                0
        3467   24000.000000000000        4500.0000000000000                0
        3468   24500.000000000000        4500.0000000000000                0
        3469   25000.000000000000        4500.0000000000000                0
        3470   25500.000000000000        4500.0000000000000                0
        3471   26000.000000000000        4500.0000000000000                0
        3472   26500.000000000000        4500.0000000000000                0
        3473   27000.000000000000        4500.0000000000000                0
        3474   27500.000000000000        4500.0000000000000                0
        3475   28000.000000000000        4500.0000000000000                0
        3476   28500.000000000000        4500.0000000000000                0
        3477   29000.000000000000        4500.0000000000000                0
        3478   29500.000000000000        4500.0000000000000                0
        3479   30000.000000000000        4500.0000000000000                0
        3480   30500.000000000000        4500.0000000000000                0
        3481   31000.000000000000        4500.0000000000000                0
        3482   31500.000000000000        4500.0000000000000                0
        3483   32000.000000000000        4500.0000000000000                1
        3484  -32000.000000000000        5000.0000000000000                1
        3485  -31500.000000000000        5000.0000000000000                0
        3486  -31000.000000000000        5000.0000000000000                0
        3487  -30500.000000000000        5000.0000000000000                0
        3488  -30000.000000000000        5000.0000000000000                0
        3489  -29500.000000000000        5000.0000000000000                0
        3490  -29000.000000000000        5000.0000000000000                0
        3491  -28500.000000000000        5000.0000000000000                0
        3492  -28000.000000000000        5000.0000000000000                0
        3493  -27500.000000000000        5000.0000000000000                0
        3494  -27000.000000000000        5000.0000000000000                0
        3495  -26500.000000000000        5000.0000000000000                0
        3496  -26000.000000000000        5000.0000000000000                0
        3497  -25500.000000000000        5000.0000000000000                0
        3498  -25000.000000000000        5000.0000000000000                0
        3499  -24500.000000000000        5000.0000000000000                0
        3500  -24000.000000000000        5000.0000000000000                0
        3501  -23500.000000000000        5000.0000000000000                0
        3502  -23000.000000000000        5000.0000000000000                0
        3503  -22500.000000000000        5000.0000000000000                0
        3504  -22000.000000000000        5000.0000000000000                0
        3505  -21500.000000000000        5000.0000000000000                0
        3506  -21000.000000000000        5000.0000000000000                0
        3507  -20500.000000000000        5000.0000000000000                0
        3508  -20000.000000000000        5000.0000000000000                0
        3509  -19500.000000000000        5000.0000000000000                0
        3510  -19000.000000000000        5000.0000000000000                0
        3511  -18500.000000000000        5000.0000000000000                0
        3512  -18000.000000000000        5000.0000000000000                0
        3513  -17500.000000000000        5000.0000000000000                0
        3514  -17000.000000000000        5000.0000000000000                0
        3515  -16500.000000000000        5000.0000000000000                0
        3516  -16000.000000000000        5000.0000000000000                0
        3517  -15500.000000000000        5000.0000000000000                0
        3518  -15000.000000000000        5000.0000000000000                0
        3519  -14500.000000000000        5000.0000000000000                0
        3520  -14000.000000000000        5000.0000000000000                0
        3521  -13500.000000000000        5000.0000000000000                0
        3522  -13000.000000000000        5000.0000000000000                0
        3523  -12500.000000000000        5000.0000000000000                0
        3524  -12000.000000000000        5000.0000000000000                0
        3525  -11500.000000000000        5000.0000000000000                0
        3526  -11000.000000000000        5000.0000000000000                0
        3527  -10500.000000000000        5000.0000000000000                0
        3528  -10000.000000000000        5000.0000000000000                0
        3529  -9500.0000000000000        5000.0000000000000                0
        3530  -9000.0000000000000        5000.0000000000000                0
        3531  -8500.0000000000000        5000.0000000000000                0
        3532  -8000.0000000000000        5000.0000000000000                0
        3533  -7500.0000000000000        5000.0000000000000                0
        3534  -7000.0000000000000        5000.0000000000000                0
        3535  -6500.0000000000000        5000.0000000000000                0
        3536  -6000.0000000000000        5000.0000000000000                0
        3537  -5500.0000000000000        5000.0000000000000                0
        3538  -5000.0000000000000        5000.0000000000000                0
        3539  -4500.0000000000000        5000.0000000000000                0
        3540  -4000.0000000000000        5000.0000000000000                0
        3541  -3500.0000000000000        5000.0000000000000                0
        3542  -3000.0000000000000        5000.0000000000000                0
        3543  -2500.0000000000000        5000.0000000000000                0
        3544  -2000.0000000000000        5000.0000000000000                0
        3545  -1500.0000000000000        5000.0000000000000                0
        3546  -1000.0000000000000        5000.0000000000000                0
        3547  -500.00000000000000        5000.0000000000000                0
        3548   0.0000000000000000        5000.0000000000000                0
        3549   500.00000000000000        5000.0000000000000                0
        3550   1000.0000000000000        5000.0000000000000                0
        3551   1500.0000000000000        5000.0000000000000                0
        3552   2000.0000000000000        5000.0000000000000                0
        3553   2500.0000000000000        5000.0000000000000                0
        3554   3000.0000000000000        5000.0000000000000                0
        3555   3500.0000000000000        5000.0000000000000                0
        3556   4000.0000000000000        5000.0000000000000                0
        3557   4500.0000000000000        5000.0000000000000                0
        3558   5000.0000000000000        5000.0000000000000                0
        3559   5500.0000000000000        5000.0000000000000                0
        3560   6000.0000000000000        5000.0000000000000                0
        3561   6500.0000000000000        5000.0000000000000                0
        3562   7000.0000000000000        5000.0000000000000                0
        3563   7500.0000000000000        5000.0000000000000                0
        3564   8000.0000000000000        5000.0000000000000                0
        3565   8500.0000000000000        5000.0000000000000                0
        3566   9000.0000000000000        5000.0000000000000                0
        3567   9500.0000000000000        5000.0000000000000                0
        3568   10000.000000000000        5000.0000000000000                0
        3569   10500.000000000000        5000.0000000000000                0
        3570   11000.000000000000        5000.0000000000000                0
        3571   11500.000000000000        5000.0000000000000                0
        3572   12000.000000000000        5000.0000000000000                0
        3573   12500.000000000000        5000.0000000000000                0
        3574   13000.000000000000        5000.0000000000000                0
        3575   13500.000000000000        5000.0000000000000                0
        3576   14000.000000000000        5000.0000000000000                0
        3577   14500.000000000000        5000.0000000000000                0
        3578   15000.000000000000        5000.0000000000000                0
        3579   15500.000000000000        5000.0000000000000                0
        3580   16000.000000000000        5000.0000000000000                0
        3581   16500.000000000000        5000.0000000000000                0
        3582   17000.000000000000        5000.0000000000000                0
        3583   17500.000000000000        5000.0000000000000                0
        3584   18000.000000000000        5000.0000000000000                0
        3585   18500.000000000000        5000.0000000000000                0
        3586   19000.000000000000        5000.0000000000000                0
        3587   19500.000000000000        5000.0000000000000                0
        3588   20000.000000000000        5000.0000000000000                0
        3589   20500.000000000000        5000.0000000000000                0
        3590   21000.000000000000        5000.0000000000000                0
        3591   21500.000000000000        5000.0000000000000                0
        3592   22000.000000000000        5000.0000000000000                0
        3593   22500.000000000000        5000.0000000000000                0
        3594   23000.000000000000        5000.0000000000000                0
        3595   23500.000000000000        5000.0000000000000                0
        3596   24000.000000000000        5000.0000000000000                0
        3597   24500.000000000000        5000.0000000000000                0
        3598   25000.000000000000        5000.0000000000000                0
        3599   25500.000000000000        5000.0000000000000                0
        3600   26000.000000000000        5000.0000000000000                0
        3601   26500.000000000000        5000.0000000000000                0
        3602   27000.000000000000        5000.0000000000000                0
        3603   27500.000000000000        5000.0000000000000                0
        3604   28000.000000000000        5000.0000000000000                0
        3605   28500.000000000000        5000.0000000000000                0
        3606   29000.000000000000        5000.0000000000000                0
        3607   29500.000000000000        5000.0000000000000                0
        3608   30000.000000000000        5000.0000000000000                0
        3609   30500.000000000000        5000.0000000000000                0
        3610   31000.000000000000        5000.0000000000000                0
        3611   31500.000000000000        5000.0000000000000                0
        3612   32000.000000000000        5000.0000000000000                1
        3613  -32000.000000000000        5500.0000000000000                1
        3614  -31500.000000000000        5500.0000000000000                0
        3615  -31000.000000000000        5500.0000000000000                0
        3616  -30500.000000000000        5500.0000000000000                0
        3617  -30000.000000000000        5500.0000000000000                0
        3618  -29500.000000000000        5500.0000000000000                0
        3619  -29000.000000000000        5500.0000000000000                0
        3620  -28500.000000000000        5500.0000000000000                0
        3621  -28000.000000000000        5500.0000000000000                0
        3622  -27500.000000000000        5500.0000000000000                0
        3623  -27000.000000000000        5500.0000000000000                0
        3624  -26500.000000000000        5500.0000000000000                0
        3625  -26000.000000000000        5500.0000000000000                0
        3626  -25500.000000000000        5500.0000000000000                0
        3627  -25000.000000000000        5500.0000000000000                0
        3628  -24500.000000000000        5500.0000000000000                0
        3629  -24000.000000000000        5500.0000000000000                0
        3630  -23500.000000000000        5500.0000000000000                0
        3631  -23000.000000000000        5500.0000000000000                0
        3632  -22500.000000000000        5500.0000000000000                0
        3633  -22000.000000000000        5500.0000000000000                0
        3634  -21500.000000000000        5500.0000000000000                0
        3635  -21000.000000000000        5500.0000000000000                0
        3636  -20500.000000000000        5500.0000000000000                0
        3637  -20000.000000000000        5500.0000000000000                0
        3638  -19500.000000000000        5500.0000000000000                0
        3639  -19000.000000000000        5500.0000000000000                0
        3640  -18500.000000000000        5500.0000000000000                0
        3641  -18000.000000000000        5500.0000000000000                0
        3642  -17500.000000000000        5500.0000000000000                0
        3643  -17000.000000000000        5500.0000000000000                0
        3644  -16500.000000000000        5500.0000000000000                0
        3645  -16000.000000000000        5500.0000000000000                0
        3646  -15500.000000000000        5500.0000000000000                0
        3647  -15000.000000000000        5500.0000000000000                0
        3648  -14500.000000000000        5500.0000000000000                0
        3649  -14000.000000000000        5500.0000000000000                0
        3650  -13500.000000000000        5500.0000000000000                0
        3651  -13000.000000000000        5500.0000000000000                0
        3652  -12500.000000000000        5500.0000000000000                0
        3653  -12000.000000000000        5500.0000000000000                0
        3654  -11500.000000000000        5500.0000000000000                0
        3655  -11000.000000000000        5500.0000000000000                0
        3656  -10500.000000000000        5500.0000000000000                0
        3657  -10000.000000000000        5500.0000000000000                0
        3658  -9500.0000000000000        5500.0000000000000                0
        3659  -9000.0000000000000        5500.0000000000000                0
        3660  -8500.0000000000000        5500.0000000000000                0
        3661  -8000.0000000000000        5500.0000000000000                0
        3662  -7500.0000000000000        5500.0000000000000                0
        3663  -7000.0000000000000        5500.0000000000000                0
        3664  -6500.0000000000000        5500.0000000000000                0
        3665  -6000.0000000000000        5500.0000000000000                0
        3666  -5500.0000000000000        5500.0000000000000                0
        3667  -5000.0000000000000        5500.0000000000000                0
        3668  -4500.0000000000000        5500.0000000000000                0
        3669  -4000.0000000000000        5500.0000000000000                0
        3670  -3500.0000000000000        5500.0000000000000                0
        3671  -3000.0000000000000        5500.0000000000000                0
        3672  -2500.0000000000000        5500.0000000000000                0
        3673  -2000.0000000000000        5500.0000000000000                0
        3674  -1500.0000000000000        5500.0000000000000                0
        3675  -1000.0000000000000        5500.0000000000000                0
        3676  -500.00000000000000        5500.0000000000000                0
        3677   0.0000000000000000        5500.0000000000000                0
        3678   500.00000000000000        5500.0000000000000                0
        3679   1000.0000000000000        5500.0000000000000                0
        3680   1500.0000000000000        5500.0000000000000                0
        3681   2000.0000000000000        5500.0000000000000                0
        3682   2500.0000000000000        5500.0000000000000                0
        3683   3000.0000000000000        5500.0000000000000                0
        3684   3500.0000000000000        5500.0000000000000                0
        3685   4000.0000000000000        5500.0000000000000                0
        3686   4500.0000000000000        5500.0000000000000                0
        3687   5000.0000000000000        5500.0000000000000                0
        3688   5500.0000000000000        5500.0000000000000                0
        3689   6000.0000000000000        5500.0000000000000                0
        3690   6500.0000000000000        5500.0000000000000                0
        3691   7000.0000000000000        5500.0000000000000                0
        3692   7500.0000000000000        5500.0000000000000                0
        3693   8000.0000000000000        5500.0000000000000                0
        3694   8500.0000000000000        5500.0000000000000                0
        3695   9000.0000000000000        5500.0000000000000                0
        3696   9500.0000000000000        5500.0000000000000                0
        3697   10000.000000000000        5500.0000000000000                0
        3698   10500.000000000000        5500.0000000000000                0
        3699   11000.000000000000        5500.0000000000000                0
        3700   11500.000000000000        5500.0000000000000                0
        3701   12000.000000000000        5500.0000000000000                0
        3702   12500.000000000000        5500.0000000000000                0
        3703   13000.000000000000        5500.0000000000000                0
        3704   13500.000000000000        5500.0000000000000                0
        3705   14000.000000000000        5500.0000000000000                0
        3706   14500.000000000000        5500.0000000000000                0
        3707   15000.000000000000        5500.0000000000000                0
        3708   15500.000000000000        5500.0000000000000                0
        3709   16000.000000000000        5500.0000000000000                0
        3710   16500.000000000000        5500.0000000000000                0
        3711   17000.000000000000        5500.0000000000000                0
        3712   17500.000000000000        5500.0000000000000                0
        3713   18000.000000000000        5500.0000000000000                0
        3714   18500.000000000000        5500.0000000000000                0
        3715   19000.000000000000        5500.0000000000000                0
        3716   19500.000000000000        5500.0000000000000                0
        3717   20000.000000000000        5500.0000000000000                0
        3718   20500.000000000000        5500.0000000000000                0
        3719   21000.000000000000        5500.0000000000000                0
        3720   21500.000000000000        5500.0000000000000                0
        3721   22000.000000000000        5500.0000000000000                0
        3722   22500.000000000000        5500.0000000000000                0
        3723   23000.000000000000        5500.0000000000000                0
        3724   23500.000000000000        5500.0000000000000                0
        3725   24000.000000000000        5500.0000000000000                0
        3726   24500.000000000000        5500.0000000000000                0
        3727   25000.000000000000        5500.0000000000000                0
        3728   25500.000000000000        5500.0000000000000                0
        3729   26000.000000000000        5500.0000000000000                0
        3730   26500.000000000000        5500.0000000000000                0
        3731   27000.000000000000        5500.0000000000000                0
        3732   27500.000000000000        5500.0000000000000                0
        3733   28000.000000000000        5500.0000000000000                0
        3734   28500.000000000000        5500.0000000000000                0
        3735   29000.000000000000        5500.0000000000000                0
        3736   29500.000000000000        5500.0000000000000                0
        3737   30000.000000000000        5500.0000000000000                0
        3738   30500.000000000000        5500.0000000000000                0
        3739   31000.000000000000        5500.0000000000000                0
        3740   31500.000000000000        5500.0000000000000                0
        3741   32000.000000000000        5500.0000000000000                1
        3742  -32000.000000000000        6000.0000000000000                1
        3743  -31500.000000000000        6000.0000000000000                0
        3744  -31000.000000000000        6000.0000000000000                0
        3745  -30500.000000000000        6000.0000000000000                0
        3746  -30000.000000000000        6000.0000000000000                0
        3747  -29500.000000000000        6000.0000000000000                0
        3748  -29000.000000000000        6000.0000000000000                0
        3749  -28500.000000000000        6000.0000000000000                0
        3750  -28000.000000000000        6000.0000000000000                0
        3751  -27500.000000000000        6000.0000000000000                0
        3752  -27000.000000000000        6000.0000000000000                0
        3753  -26500.000000000000        6000.0000000000000                0
        3754  -26000.000000000000        6000.0000000000000                0
        3755  -25500.000000000000        6000.0000000000000                0
        3756  -25000.000000000000        6000.0000000000000                0
        3757  -24500.000000000000        6000.0000000000000                0
        3758  -24000.000000000000        6000.0000000000000                0
        3759  -23500.000000000000        6000.0000000000000                0
        3760  -23000.000000000000        6000.0000000000000                0
        3761  -22500.000000000000        6000.0000000000000                0
        3762  -22000.000000000000        6000.0000000000000                0
        3763  -21500.000000000000        6000.0000000000000                0
        3764  -21000.000000000000        6000.0000000000000                0
        3765  -20500.000000000000        6000.0000000000000                0
        3766  -20000.000000000000        6000.0000000000000                0
        3767  -19500.000000000000        6000.0000000000000                0
        3768  -19000.000000000000        6000.0000000000000                0
        3769  -18500.000000000000        6000.0000000000000                0
        3770  -18000.000000000000        6000.0000000000000                0
        3771  -17500.000000000000        6000.0000000000000                0
        3772  -17000.000000000000        6000.0000000000000                0
        3773  -16500.000000000000        6000.0000000000000                0
        3774  -16000.000000000000        6000.0000000000000                0
        3775  -15500.000000000000        6000.0000000000000                0
        3776  -15000.000000000000        6000.0000000000000                0
        3777  -14500.000000000000        6000.0000000000000                0
        3778  -14000.000000000000        6000.0000000000000                0
        3779  -13500.000000000000        6000.0000000000000                0
        3780  -13000.000000000000        6000.0000000000000                0
        3781  -12500.000000000000        6000.0000000000000                0
        3782  -12000.000000000000        6000.0000000000000                0
        3783  -11500.000000000000        6000.0000000000000                0
        3784  -11000.000000000000        6000.0000000000000                0
        3785  -10500.000000000000        6000.0000000000000                0
        3786  -10000.000000000000        6000.0000000000000                0
        3787  -9500.0000000000000        6000.0000000000000                0
        3788  -9000.0000000000000        6000.0000000000000                0
        3789  -8500.0000000000000        6000.0000000000000                0
        3790  -8000.0000000000000        6000.0000000000000                0
        3791  -7500.0000000000000        6000.0000000000000                0
        3792  -7000.0000000000000        6000.0000000000000                0
        3793  -6500.0000000000000        6000.0000000000000                0
        3794  -6000.0000000000000        6000.0000000000000                0
        3795  -5500.0000000000000        6000.0000000000000                0
        3796  -5000.0000000000000        6000.0000000000000                0
        3797  -4500.0000000000000        6000.0000000000000                0
        3798  -4000.0000000000000        6000.0000000000000                0
        3799  -3500.0000000000000        6000.0000000000000                0
        3800  -3000.0000000000000        6000.0000000000000                0
        3801  -2500.0000000000000        6000.0000000000000                0
        3802  -2000.0000000000000        6000.0000000000000                0
        3803  -1500.0000000000000        6000.0000000000000                0
        3804  -1000.0000000000000        6000.0000000000000                0
        3805  -500.00000000000000        6000.0000000000000                0
        3806   0.0000000000000000        6000.0000000000000                0
        3807   500.00000000000000        6000.0000000000000                0
        3808   1000.0000000000000        6000.0000000000000                0
        3809   1500.0000000000000        6000.0000000000000                0
        3810   2000.0000000000000        6000.0000000000000                0
        3811   2500.0000000000000        6000.0000000000000                0
        3812   3000.0000000000000        6000.0000000000000                0
        3813   3500.0000000000000        6000.0000000000000                0
        3814   4000.0000000000000        6000.0000000000000                0
        3815   4500.0000000000000        6000.0000000000000                0
        3816   5000.0000000000000        6000.0000000000000                0
        3817   5500.0000000000000        6000.0000000000000                0
        3818   6000.0000000000000        6000.0000000000000                0
        3819   6500.0000000000000        6000.0000000000000                0
        3820   7000.0000000000000        6000.0000000000000                0
        3821   7500.0000000000000        6000.0000000000000                0
        3822   8000.0000000000000        6000.0000000000000                0
        3823   8500.0000000000000        6000.0000000000000                0
        3824   9000.0000000000000        6000.0000000000000                0
        3825   9500.0000000000000        6000.0000000000000                0
        3826   10000.000000000000        6000.0000000000000                0
        3827   10500.000000000000        6000.0000000000000                0
        3828   11000.000000000000        6000.0000000000000                0
        3829   11500.000000000000        6000.0000000000000                0
        3830   12000.000000000000        6000.0000000000000                0
        3831   12500.000000000000        6000.0000000000000                0
        3832   13000.000000000000        6000.0000000000000                0
        3833   13500.000000000000        6000.0000000000000                0
        3834   14000.000000000000        6000.0000000000000                0
        3835   14500.000000000000        6000.0000000000000                0
        3836   15000.000000000000        6000.0000000000000                0
        3837   15500.000000000000        6000.0000000000000                0
        3838   16000.000000000000        6000.0000000000000                0
        3839   16500.000000000000        6000.0000000000000                0
        3840   17000.000000000000        6000.0000000000000                0
        3841   17500.000000000000        6000.0000000000000                0
        3842   18000.000000000000        6000.0000000000000                0
        3843   18500.000000000000        6000.0000000000000                0
        3844   19000.000000000000        6000.0000000000000                0
        3845   19500.000000000000        6000.0000000000000                0
        3846   20000.000000000000        6000.0000000000000                0
        3847   20500.000000000000        6000.0000000000000                0
        3848   21000.000000000000        6000.0000000000000                0
        3849   21500.000000000000        6000.0000000000000                0
        3850   22000.000000000000        6000.0000000000000                0
        3851   22500.000000000000        6000.0000000000000                0
        3852   23000.000000000000        6000.0000000000000                0
        3853   23500.000000000000        6000.0000000000000                0
        3854   24000.000000000000        6000.0000000000000                0
        3855   24500.000000000000        6000.0000000000000                0
        3856   25000.000000000000        6000.0000000000000                0
        3857   25500.000000000000        6000.0000000000000                0
        3858   26000.000000000000        6000.0000000000000                0
        3859   26500.000000000000        6000.0000000000000                0
        3860   27000.000000000000        6000.0000000000000                0
        3861   27500.000000000000        6000.0000000000000                0
        3862   28000.000000000000        6000.0000000000000                0
        3863   28500.000000000000        6000.0000000000000                0
        3864   29000.000000000000        6000.0000000000000                0
        3865   29500.000000000000        6000.0000000000000                0
        3866   30000.000000000000        6000.0000000000000                0
        3867   30500.000000000000        6000.0000000000000                0
        3868   31000.000000000000        6000.0000000000000                0
        3869   31500.000000000000        6000.0000000000000                0
        3870   32000.000000000000        6000.0000000000000                1
        3871  -32000.000000000000        6500.0000000000000                1
        3872  -31500.000000000000        6500.0000000000000                0
        3873  -31000.000000000000        6500.0000000000000                0
        3874  -30500.000000000000        6500.0000000000000                0
        3875  -30000.000000000000        6500.0000000000000                0
        3876  -29500.000000000000        6500.0000000000000                0
        3877  -29000.000000000000        6500.0000000000000                0
        3878  -28500.000000000000        6500.0000000000000                0
        3879  -28000.000000000000        6500.0000000000000                0
        3880  -27500.000000000000        6500.0000000000000                0
        3881  -27000.000000000000        6500.0000000000000                0
        3882  -26500.000000000000        6500.0000000000000                0
        3883  -26000.000000000000        6500.0000000000000                0
        3884  -25500.000000000000        6500.0000000000000                0
        3885  -25000.000000000000        6500.0000000000000                0
        3886  -24500.000000000000        6500.0000000000000                0
        3887  -24000.000000000000        6500.0000000000000                0
        3888  -23500.000000000000        6500.0000000000000                0
        3889  -23000.000000000000        6500.0000000000000                0
        3890  -22500.000000000000        6500.0000000000000                0
        3891  -22000.000000000000        6500.0000000000000                0
        3892  -21500.000000000000        6500.0000000000000                0
        3893  -21000.000000000000        6500.0000000000000                0
        3894  -20500.000000000000        6500.0000000000000                0
        3895  -20000.000000000000        6500.0000000000000                0
        3896  -19500.000000000000        6500.0000000000000                0
        3897  -19000.000000000000        6500.0000000000000                0
        3898  -18500.000000000000        6500.0000000000000                0
        3899  -18000.000000000000        6500.0000000000000                0
        3900  -17500.000000000000        6500.0000000000000                0
        3901  -17000.000000000000        6500.0000000000000                0
        3902  -16500.000000000000        6500.0000000000000                0
        3903  -16000.000000000000        6500.0000000000000                0
        3904  -15500.000000000000        6500.0000000000000                0
        3905  -15000.000000000000        6500.0000000000000                0
        3906  -14500.000000000000        6500.0000000000000                0
        3907  -14000.000000000000        6500.0000000000000                0
        3908  -13500.000000000000        6500.0000000000000                0
        3909  -13000.000000000000        6500.0000000000000                0
        3910  -12500.000000000000        6500.0000000000000                0
        3911  -12000.000000000000        6500.0000000000000                0
        3912  -11500.000000000000        6500.0000000000000                0
        3913  -11000.000000000000        6500.0000000000000                0
        3914  -10500.000000000000        6500.0000000000000                0
        3915  -10000.000000000000        6500.0000000000000                0
        3916  -9500.0000000000000        6500.0000000000000                0
        3917  -9000.0000000000000        6500.0000000000000                0
        3918  -8500.0000000000000        6500.0000000000000                0
        3919  -8000.0000000000000        6500.0000000000000                0
        3920  -7500.0000000000000        6500.0000000000000                0
        3921  -7000.0000000000000        6500.0000000000000                0
        3922  -6500.0000000000000        6500.0000000000000                0
        3923  -6000.0000000000000        6500.0000000000000                0
        3924  -5500.0000000000000        6500.0000000000000                0
        3925  -5000.0000000000000        6500.0000000000000                0
        3926  -4500.0000000000000        6500.0000000000000                0
        3927  -4000.0000000000000        6500.0000000000000                0
        3928  -3500.0000000000000        6500.0000000000000                0
        3929  -3000.0000000000000        6500.0000000000000                0
        3930  -2500.0000000000000        6500.0000000000000                0
        3931  -2000.0000000000000        6500.0000000000000                0
        3932  -1500.0000000000000        6500.0000000000000                0
        3933  -1000.0000000000000        6500.0000000000000                0
        3934  -500.00000000000000        6500.0000000000000                0
        3935   0.0000000000000000        6500.0000000000000                0
        3936   500.00000000000000        6500.0000000000000                0
        3937   1000.0000000000000        6500.0000000000000                0
        3938   1500.0000000000000        6500.0000000000000                0
        3939   2000.0000000000000        6500.0000000000000                0
        3940   2500.0000000000000        6500.0000000000000                0
        3941   3000.0000000000000        6500.0000000000000                0
        3942   3500.0000000000000        6500.0000000000000                0
        3943   4000.0000000000000        6500.0000000000000                0
        3944   4500.0000000000000        6500.0000000000000                0
        3945   5000.0000000000000        6500.0000000000000                0
        3946   5500.0000000000000        6500.0000000000000                0
        3947   6000.0000000000000        6500.0000000000000                0
        3948   6500.0000000000000        6500.0000000000000                0
        3949   7000.0000000000000        6500.0000000000000                0
        3950   7500.0000000000000        6500.0000000000000                0
        3951   8000.0000000000000        6500.0000000000000                0
        3952   8500.0000000000000        6500.0000000000000                0
        3953   9000.0000000000000        6500.0000000000000                0
        3954   9500.0000000000000        6500.0000000000000                0
        3955   10000.000000000000        6500.0000000000000                0
        3956   10500.000000000000        6500.0000000000000                0
        3957   11000.000000000000        6500.0000000000000                0
        3958   11500.000000000000        6500.0000000000000                0
        3959   12000.000000000000        6500.0000000000000                0
        3960   12500.000000000000        6500.0000000000000                0
        3961   13000.000000000000        6500.0000000000000                0
        3962   13500.000000000000        6500.0000000000000                0
        3963   14000.000000000000        6500.0000000000000                0
        3964   14500.000000000000        6500.0000000000000                0
        3965   15000.000000000000        6500.0000000000000                0
        3966   15500.000000000000        6500.0000000000000                0
        3967   16000.000000000000        6500.0000000000000                0
        3968   16500.000000000000        6500.0000000000000                0
        3969   17000.000000000000        6500.0000000000000                0
        3970   17500.000000000000        6500.0000000000000                0
        3971   18000.000000000000        6500.0000000000000                0
        3972   18500.000000000000        6500.0000000000000                0
        3973   19000.000000000000        6500.0000000000000                0
        3974   19500.000000000000        6500.0000000000000                0
        3975   20000.000000000000        6500.0000000000000                0
        3976   20500.000000000000        6500.0000000000000                0
        3977   21000.000000000000        6500.0000000000000                0
        3978   21500.000000000000        6500.0000000000000                0
        3979   22000.000000000000        6500.0000000000000                0
        3980   22500.000000000000        6500.0000000000000                0
        3981   23000.000000000000        6500.0000000000000                0
        3982   23500.000000000000        6500.0000000000000                0
        3983   24000.000000000000        6500.0000000000000                0
        3984   24500.000000000000        6500.0000000000000                0
        3985   25000.000000000000        6500.0000000000000                0
        3986   25500.000000000000        6500.0000000000000                0
        3987   26000.000000000000        6500.0000000000000                0
        3988   26500.000000000000        6500.0000000000000                0
        3989   27000.000000000000        6500.0000000000000                0
        3990   27500.000000000000        6500.0000000000000                0
        3991   28000.000000000000        6500.0000000000000                0
        3992   28500.000000000000        6500.0000000000000                0
        3993   29000.000000000000        6500.0000000000000                0
        3994   29500.000000000000        6500.0000000000000                0
        3995   30000.000000000000        6500.0000000000000                0
        3996   30500.000000000000        6500.0000000000000                0
        3997   31000.000000000000        6500.0000000000000                0
        3998   31500.000000000000        6500.0000000000000                0
        3999   32000.000000000000        6500.0000000000000                1
        4000  -32000.000000000000        7000.0000000000000                1
        4001  -31500.000000000000        7000.0000000000000                0
        4002  -31000.000000000000        7000.0000000000000                0
        4003  -30500.000000000000        7000.0000000000000                0
        4004  -30000.000000000000        7000.0000000000000                0
        4005  -29500.000000000000        7000.0000000000000                0
        4006  -29000.000000000000        7000.0000000000000                0
        4007  -28500.000000000000        7000.0000000000000                0
        4008  -28000.000000000000        7000.0000000000000                0
        4009  -27500.000000000000        7000.0000000000000                0
        4010  -27000.000000000000        7000.0000000000000                0
        4011  -26500.000000000000        7000.0000000000000                0
        4012  -26000.000000000000        7000.0000000000000                0
        4013  -25500.000000000000        7000.0000000000000                0
        4014  -25000.000000000000        7000.0000000000000                0
        4015  -24500.000000000000        7000.0000000000000                0
        4016  -24000.000000000000        7000.0000000000000                0
        4017  -23500.000000000000        7000.0000000000000                0
        4018  -23000.000000000000        7000.0000000000000                0
        4019  -22500.000000000000        7000.0000000000000                0
        4020  -22000.000000000000        7000.0000000000000                0
        4021  -21500.000000000000        7000.0000000000000                0
        4022  -21000.000000000000        7000.0000000000000                0
        4023  -20500.000000000000        7000.0000000000000                0
        4024  -20000.000000000000        7000.0000000000000                0
        4025  -19500.000000000000        7000.0000000000000                0
        4026  -19000.000000000000        7000.0000000000000                0
        4027  -18500.000000000000        7000.0000000000000                0
        4028  -18000.000000000000        7000.0000000000000                0
        4029  -17500.000000000000        7000.0000000000000                0
        4030  -17000.000000000000        7000.0000000000000                0
        4031  -16500.000000000000        7000.0000000000000                0
        4032  -16000.000000000000        7000.0000000000000                0
        4033  -15500.000000000000        7000.0000000000000                0
        4034  -15000.000000000000        7000.0000000000000                0
        4035  -14500.000000000000        7000.0000000000000                0
        4036  -14000.000000000000        7000.0000000000000                0
        4037  -13500.000000000000        7000.0000000000000                0
        4038  -13000.000000000000        7000.0000000000000                0
        4039  -12500.000000000000        7000.0000000000000                0
        4040  -12000.000000000000        7000.0000000000000                0
        4041  -11500.000000000000        7000.0000000000000                0
        4042  -11000.000000000000        7000.0000000000000                0
        4043  -10500.000000000000        7000.0000000000000                0
        4044  -10000.000000000000        7000.0000000000000                0
        4045  -9500.0000000000000        7000.0000000000000                0
        4046  -9000.0000000000000        7000.0000000000000                0
        4047  -8500.0000000000000        7000.0000000000000                0
        4048  -8000.0000000000000        7000.0000000000000                0
        4049  -7500.0000000000000        7000.0000000000000                0
        4050  -7000.0000000000000        7000.0000000000000                0
        4051  -6500.0000000000000        7000.0000000000000                0
        4052  -6000.0000000000000        7000.0000000000000                0
        4053  -5500.0000000000000        7000.0000000000000                0
        4054  -5000.0000000000000        7000.0000000000000                0
        4055  -4500.0000000000000        7000.0000000000000                0
        4056  -4000.0000000000000        7000.0000000000000                0
        4057  -3500.0000000000000        7000.0000000000000                0
        4058  -3000.0000000000000        7000.0000000000000                0
        4059  -2500.0000000000000        7000.0000000000000                0
        4060  -2000.0000000000000        7000.0000000000000                0
        4061  -1500.0000000000000        7000.0000000000000                0
        4062  -1000.0000000000000        7000.0000000000000                0
        4063  -500.00000000000000        7000.0000000000000                0
        4064   0.0000000000000000        7000.0000000000000                0
        4065   500.00000000000000        7000.0000000000000                0
        4066   1000.0000000000000        7000.0000000000000                0
        4067   1500.0000000000000        7000.0000000000000                0
        4068   2000.0000000000000        7000.0000000000000                0
        4069   2500.0000000000000        7000.0000000000000                0
        4070   3000.0000000000000        7000.0000000000000                0
        4071   3500.0000000000000        7000.0000000000000                0
        4072   4000.0000000000000        7000.0000000000000                0
        4073   4500.0000000000000        7000.0000000000000                0
        4074   5000.0000000000000        7000.0000000000000                0
        4075   5500.0000000000000        7000.0000000000000                0
        4076   6000.0000000000000        7000.0000000000000                0
        4077   6500.0000000000000        7000.0000000000000                0
        4078   7000.0000000000000        7000.0000000000000                0
        4079   7500.0000000000000        7000.0000000000000                0
        4080   8000.0000000000000        7000.0000000000000                0
        4081   8500.0000000000000        7000.0000000000000                0
        4082   9000.0000000000000        7000.0000000000000                0
        4083   9500.0000000000000        7000.0000000000000                0
        4084   10000.000000000000        7000.0000000000000                0
        4085   10500.000000000000        7000.0000000000000                0
        4086   11000.000000000000        7000.0000000000000                0
        4087   11500.000000000000        7000.0000000000000                0
        4088   12000.000000000000        7000.0000000000000                0
        4089   12500.000000000000        7000.0000000000000                0
        4090   13000.000000000000        7000.0000000000000                0
        4091   13500.000000000000        7000.0000000000000                0
        4092   14000.000000000000        7000.0000000000000                0
        4093   14500.000000000000        7000.0000000000000                0
        4094   15000.000000000000        7000.0000000000000                0
        4095   15500.000000000000        7000.0000000000000                0
        4096   16000.000000000000        7000.0000000000000                0
        4097   16500.000000000000        7000.0000000000000                0
        4098   17000.000000000000        7000.0000000000000                0
        4099   17500.000000000000        7000.0000000000000                0
        4100   18000.000000000000        7000.0000000000000                0
        4101   18500.000000000000        7000.0000000000000                0
        4102   19000.000000000000        7000.0000000000000                0
        4103   19500.000000000000        7000.0000000000000                0
        4104   20000.000000000000        7000.0000000000000                0
        4105   20500.000000000000        7000.0000000000000                0
        4106   21000.000000000000        7000.0000000000000                0
        4107   21500.000000000000        7000.0000000000000                0
        4108   22000.000000000000        7000.0000000000000                0
        4109   22500.000000000000        7000.0000000000000                0
        4110   23000.000000000000        7000.0000000000000                0
        4111   23500.000000000000        7000.0000000000000                0
        4112   24000.000000000000        7000.0000000000000                0
        4113   24500.000000000000        7000.0000000000000                0
        4114   25000.000000000000        7000.0000000000000                0
        4115   25500.000000000000        7000.0000000000000                0
        4116   26000.000000000000        7000.0000000000000                0
        4117   26500.000000000000        7000.0000000000000                0
        4118   27000.000000000000        7000.0000000000000                0
        4119   27500.000000000000        7000.0000000000000                0
        4120   28000.000000000000        7000.0000000000000                0
        4121   28500.000000000000        7000.0000000000000                0
        4122   29000.000000000000        7000.0000000000000                0
        4123   29500.000000000000        7000.0000000000000                0
        4124   30000.000000000000        7000.0000000000000                0
        4125   30500.000000000000        7000.0000000000000                0
        4126   31000.000000000000        7000.0000000000000                0
        4127   31500.000000000000        7000.0000000000000                0
        4128   32000.000000000000        7000.0000000000000                1
        4129  -32000.000000000000        7500.0000000000000                1
        4130  -31500.000000000000        7500.0000000000000                0
        4131  -31000.000000000000        7500.0000000000000                0
        4132  -30500.000000000000        7500.0000000000000                0
        4133  -30000.000000000000        7500.0000000000000                0
        4134  -29500.000000000000        7500.0000000000000                0
        4135  -29000.000000000000        7500.0000000000000                0
        4136  -28500.000000000000        7500.0000000000000                0
        4137  -28000.000000000000        7500.0000000000000                0
        4138  -27500.000000000000        7500.0000000000000                0
        4139  -27000.000000000000        7500.0000000000000                0
        4140  -26500.000000000000        7500.0000000000000                0
        4141  -26000.000000000000        7500.0000000000000                0
        4142  -25500.000000000000        7500.0000000000000                0
        4143  -25000.000000000000        7500.0000000000000                0
        4144  -24500.000000000000        7500.0000000000000                0
        4145  -24000.000000000000        7500.0000000000000                0
        4146  -23500.000000000000        7500.0000000000000                0
        4147  -23000.000000000000        7500.0000000000000                0
        4148  -22500.000000000000        7500.0000000000000                0
        4149  -22000.000000000000        7500.0000000000000                0
        4150  -21500.000000000000        7500.0000000000000                0
        4151  -21000.000000000000        7500.0000000000000                0
        4152  -20500.000000000000        7500.0000000000000                0
        4153  -20000.000000000000        7500.0000000000000                0
        4154  -19500.000000000000        7500.0000000000000                0
        4155  -19000.000000000000        7500.0000000000000                0
        4156  -18500.000000000000        7500.0000000000000                0
        4157  -18000.000000000000        7500.0000000000000                0
        4158  -17500.000000000000        7500.0000000000000                0
        4159  -17000.000000000000        7500.0000000000000                0
        4160  -16500.000000000000        7500.0000000000000                0
        4161  -16000.000000000000        7500.0000000000000                0
        4162  -15500.000000000000        7500.0000000000000                0
        4163  -15000.000000000000        7500.0000000000000                0
        4164  -14500.000000000000        7500.0000000000000                0
        4165  -14000.000000000000        7500.0000000000000                0
        4166  -13500.000000000000        7500.0000000000000                0
        4167  -13000.000000000000        7500.0000000000000                0
        4168  -12500.000000000000        7500.0000000000000                0
        4169  -12000.000000000000        7500.0000000000000                0
        4170  -11500.000000000000        7500.0000000000000                0
        4171  -11000.000000000000        7500.0000000000000                0
        4172  -10500.000000000000        7500.0000000000000                0
        4173  -10000.000000000000        7500.0000000000000                0
        4174  -9500.0000000000000        7500.0000000000000                0
        4175  -9000.0000000000000        7500.0000000000000                0
        4176  -8500.0000000000000        7500.0000000000000                0
        4177  -8000.0000000000000        7500.0000000000000                0
        4178  -7500.0000000000000        7500.0000000000000                0
        4179  -7000.0000000000000        7500.0000000000000                0
        4180  -6500.0000000000000        7500.0000000000000                0
        4181  -6000.0000000000000        7500.0000000000000                0
        4182  -5500.0000000000000        7500.0000000000000                0
        4183  -5000.0000000000000        7500.0000000000000                0
        4184  -4500.0000000000000        7500.0000000000000                0
        4185  -4000.0000000000000        7500.0000000000000                0
        4186  -3500.0000000000000        7500.0000000000000                0
        4187  -3000.0000000000000        7500.0000000000000                0
        4188  -2500.0000000000000        7500.0000000000000                0
        4189  -2000.0000000000000        7500.0000000000000                0
        4190  -1500.0000000000000        7500.0000000000000                0
        4191  -1000.0000000000000        7500.0000000000000                0
        4192  -500.00000000000000        7500.0000000000000                0
        4193   0.0000000000000000        7500.0000000000000                0
        4194   500.00000000000000        7500.0000000000000                0
        4195   1000.0000000000000        7500.0000000000000                0
        4196   1500.0000000000000        7500.0000000000000                0
        4197   2000.0000000000000        7500.0000000000000                0
        4198   2500.0000000000000        7500.0000000000000                0
        4199   3000.0000000000000        7500.0000000000000                0
        4200   3500.0000000000000        7500.0000000000000                0
        4201   4000.0000000000000        7500.0000000000000                0
        4202   4500.0000000000000        7500.0000000000000                0
        4203   5000.0000000000000        7500.0000000000000                0
        4204   5500.0000000000000        7500.0000000000000                0
        4205   6000.0000000000000        7500.0000000000000                0
        4206   6500.0000000000000        7500.0000000000000                0
        4207   7000.0000000000000        7500.0000000000000                0
        4208   7500.0000000000000        7500.0000000000000                0
        4209   8000.0000000000000        7500.0000000000000                0
        4210   8500.0000000000000        7500.0000000000000                0
        4211   9000.0000000000000        7500.0000000000000                0
        4212   9500.0000000000000        7500.0000000000000                0
        4213   10000.000000000000        7500.0000000000000                0
        4214   10500.000000000000        7500.0000000000000                0
        4215   11000.000000000000        7500.0000000000000                0
        4216   11500.000000000000        7500.0000000000000                0
        4217   12000.000000000000        7500.0000000000000                0
        4218   12500.000000000000        7500.0000000000000                0
        4219   13000.000000000000        7500.0000000000000                0
        4220   13500.000000000000        7500.0000000000000                0
        4221   14000.000000000000        7500.0000000000000                0
        4222   14500.000000000000        7500.0000000000000                0
        4223   15000.000000000000        7500.0000000000000                0
        4224   15500.000000000000        7500.0000000000000                0
        4225   16000.000000000000        7500.0000000000000                0
        4226   16500.000000000000        7500.0000000000000                0
        4227   17000.000000000000        7500.0000000000000                0
        4228   17500.000000000000        7500.0000000000000                0
        4229   18000.000000000000        7500.0000000000000                0
        4230   18500.000000000000        7500.0000000000000                0
        4231   19000.000000000000        7500.0000000000000                0
        4232   19500.000000000000        7500.0000000000000                0
        4233   20000.000000000000        7500.0000000000000                0
        4234   20500.000000000000        7500.0000000000000                0
        4235   21000.000000000000        7500.0000000000000                0
        4236   21500.000000000000        7500.0000000000000                0
        4237   22000.000000000000        7500.0000000000000                0
        4238   22500.000000000000        7500.0000000000000                0
        4239   23000.000000000000        7500.0000000000000                0
        4240   23500.000000000000        7500.0000000000000                0
        4241   24000.000000000000        7500.0000000000000                0
        4242   24500.000000000000        7500.0000000000000                0
        4243   25000.000000000000        7500.0000000000000                0
        4244   25500.000000000000        7500.0000000000000                0
        4245   26000.000000000000        7500.0000000000000                0
        4246   26500.000000000000        7500.0000000000000                0
        4247   27000.000000000000        7500.0000000000000                0
        4248   27500.000000000000        7500.0000000000000                0
        4249   28000.000000000000        7500.0000000000000                0
        4250   28500.000000000000        7500.0000000000000                0
        4251   29000.000000000000        7500.0000000000000                0
        4252   29500.000000000000        7500.0000000000000                0
        4253   30000.000000000000        7500.0000000000000                0
        4254   30500.000000000000        7500.0000000000000                0
        4255   31000.000000000000        7500.0000000000000                0
        4256   31500.000000000000        7500.0000000000000                0
        4257   32000.000000000000        7500.0000000000000                1
        4258  -32000.000000000000        8000.0000000000000                1
        4259  -31500.000000000000        8000.0000000000000                0
        4260  -31000.000000000000        8000.0000000000000                0
        4261  -30500.000000000000        8000.0000000000000                0
        4262  -30000.000000000000        8000.0000000000000                0
        4263  -29500.000000000000        8000.0000000000000                0
        4264  -29000.000000000000        8000.0000000000000                0
        4265  -28500.000000000000        8000.0000000000000                0
        4266  -28000.000000000000        8000.0000000000000                0
        4267  -27500.000000000000        8000.0000000000000                0
        4268  -27000.000000000000        8000.0000000000000                0
        4269  -26500.000000000000        8000.0000000000000                0
        4270  -26000.000000000000        8000.0000000000000                0
        4271  -25500.000000000000        8000.0000000000000                0
        4272  -25000.000000000000        8000.0000000000000                0
        4273  -24500.000000000000        8000.0000000000000                0
        4274  -24000.000000000000        8000.0000000000000                0
        4275  -23500.000000000000        8000.0000000000000                0
        4276  -23000.000000000000        8000.0000000000000                0
        4277  -22500.000000000000        8000.0000000000000                0
        4278  -22000.000000000000        8000.0000000000000                0
        4279  -21500.000000000000        8000.0000000000000                0
        4280  -21000.000000000000        8000.0000000000000                0
        4281  -20500.000000000000        8000.0000000000000                0
        4282  -20000.000000000000        8000.0000000000000                0
        4283  -19500.000000000000        8000.0000000000000                0
        4284  -19000.000000000000        8000.0000000000000                0
        4285  -18500.000000000000        8000.0000000000000                0
        4286  -18000.000000000000        8000.0000000000000                0
        4287  -17500.000000000000        8000.0000000000000                0
        4288  -17000.000000000000        8000.0000000000000                0
        4289  -16500.000000000000        8000.0000000000000                0
        4290  -16000.000000000000        8000.0000000000000                0
        4291  -15500.000000000000        8000.0000000000000                0
        4292  -15000.000000000000        8000.0000000000000                0
        4293  -14500.000000000000        8000.0000000000000                0
        4294  -14000.000000000000        8000.0000000000000                0
        4295  -13500.000000000000        8000.0000000000000                0
        4296  -13000.000000000000        8000.0000000000000                0
        4297  -12500.000000000000        8000.0000000000000                0
        4298  -12000.000000000000        8000.0000000000000                0
        4299  -11500.000000000000        8000.0000000000000                0
        4300  -11000.000000000000        8000.0000000000000                0
        4301  -10500.000000000000        8000.0000000000000                0
        4302  -10000.000000000000        8000.0000000000000                0
        4303  -9500.0000000000000        8000.0000000000000                0
        4304  -9000.0000000000000        8000.0000000000000                0
        4305  -8500.0000000000000        8000.0000000000000                0
        4306  -8000.0000000000000        8000.0000000000000                0
        4307  -7500.0000000000000        8000.0000000000000                0
        4308  -7000.0000000000000        8000.0000000000000                0
        4309  -6500.0000000000000        8000.0000000000000                0
        4310  -6000.0000000000000        8000.0000000000000                0
        4311  -5500.0000000000000        8000.0000000000000                0
        4312  -5000.0000000000000        8000.0000000000000                0
        4313  -4500.0000000000000        8000.0000000000000                0
        4314  -4000.0000000000000        8000.0000000000000                0
        4315  -3500.0000000000000        8000.0000000000000                0
        4316  -3000.0000000000000        8000.0000000000000                0
        4317  -2500.0000000000000        8000.0000000000000                0
        4318  -2000.0000000000000        8000.0000000000000                0
        4319  -1500.0000000000000        8000.0000000000000                0
        4320  -1000.0000000000000        8000.0000000000000                0
        4321  -500.00000000000000        8000.0000000000000                0
        4322   0.0000000000000000        8000.0000000000000                0
        4323   500.00000000000000        8000.0000000000000                0
        4324   1000.0000000000000        8000.0000000000000                0
        4325   1500.0000000000000        8000.0000000000000                0
        4326   2000.0000000000000        8000.0000000000000                0
        4327   2500.0000000000000        8000.0000000000000                0
        4328   3000.0000000000000        8000.0000000000000                0
        4329   3500.0000000000000        8000.0000000000000                0
        4330   4000.0000000000000        8000.0000000000000                0
        4331   4500.0000000000000        8000.0000000000000                0
        4332   5000.0000000000000        8000.0000000000000                0
        4333   5500.0000000000000        8000.0000000000000                0
        4334   6000.0000000000000        8000.0000000000000                0
        4335   6500.0000000000000        8000.0000000000000                0
        4336   7000.0000000000000        8000.0000000000000                0
        4337   7500.0000000000000        8000.0000000000000                0
        4338   8000.0000000000000        8000.0000000000000                0
        4339   8500.0000000000000        8000.0000000000000                0
        4340   9000.0000000000000        8000.0000000000000                0
        4341   9500.0000000000000        8000.0000000000000                0
        4342   10000.000000000000        8000.0000000000000                0
        4343   10500.000000000000        8000.0000000000000                0
        4344   11000.000000000000        8000.0000000000000                0
        4345   11500.000000000000        8000.0000000000000                0
        4346   12000.000000000000        8000.0000000000000                0
        4347   12500.000000000000        8000.0000000000000                0
        4348   13000.000000000000        8000.0000000000000                0
        4349   13500.000000000000        8000.0000000000000                0
        4350   14000.000000000000        8000.0000000000000                0
        4351   14500.000000000000        8000.0000000000000                0
        4352   15000.000000000000        8000.0000000000000                0
        4353   15500.000000000000        8000.0000000000000                0
        4354   16000.000000000000        8000.0000000000000                0
        4355   16500.000000000000        8000.0000000000000                0
        4356   17000.000000000000        8000.0000000000000                0
        4357   17500.000000000000        8000.0000000000000                0
        4358   18000.000000000000        8000.0000000000000                0
        4359   18500.000000000000        8000.0000000000000                0
        4360   19000.000000000000        8000.0000000000000                0
        4361   19500.000000000000        8000.0000000000000                0
        4362   20000.000000000000        8000.0000000000000                0
        4363   20500.000000000000        8000.0000000000000                0
        4364   21000.000000000000        8000.0000000000000                0
        4365   21500.000000000000        8000.0000000000000                0
        4366   22000.000000000000        8000.0000000000000                0
        4367   22500.000000000000        8000.0000000000000                0
        4368   23000.000000000000        8000.0000000000000                0
        4369   23500.000000000000        8000.0000000000000                0
        4370   24000.000000000000        8000.0000000000000                0
        4371   24500.000000000000        8000.0000000000000                0
        4372   25000.000000000000        8000.0000000000000                0
        4373   25500.000000000000        8000.0000000000000                0
        4374   26000.000000000000        8000.0000000000000                0
        4375   26500.000000000000        8000.0000000000000                0
        4376   27000.000000000000        8000.0000000000000                0
        4377   27500.000000000000        8000.0000000000000                0
        4378   28000.000000000000        8000.0000000000000                0
        4379   28500.000000000000        8000.0000000000000                0
        4380   29000.000000000000        8000.0000000000000                0
        4381   29500.000000000000        8000.0000000000000                0
        4382   30000.000000000000        8000.0000000000000                0
        4383   30500.000000000000        8000.0000000000000                0
        4384   31000.000000000000        8000.0000000000000                0
        4385   31500.000000000000        8000.0000000000000                0
        4386   32000.000000000000        8000.0000000000000                1
        4387  -32000.000000000000        8500.0000000000000                1
        4388  -31500.000000000000        8500.0000000000000                1
        4389  -31000.000000000000        8500.0000000000000                1
        4390  -30500.000000000000        8500.0000000000000                1
        4391  -30000.000000000000        8500.0000000000000                1
        4392  -29500.000000000000        8500.0000000000000                1
        4393  -29000.000000000000        8500.0000000000000                1
        4394  -28500.000000000000        8500.0000000000000                1
        4395  -28000.000000000000        8500.0000000000000                1
        4396  -27500.000000000000        8500.0000000000000                1
        4397  -27000.000000000000        8500.0000000000000                1
        4398  -26500.000000000000        8500.0000000000000                1
        4399  -26000.000000000000        8500.0000000000000                1
        4400  -25500.000000000000        8500.0000000000000                1
        4401  -25000.000000000000        8500.0000000000000                1
        4402  -24500.000000000000        8500.0000000000000                1
        4403  -24000.000000000000        8500.0000000000000                1
        4404  -23500.000000000000        8500.0000000000000                1
        4405  -23000.000000000000        8500.0000000000000                1
        4406  -22500.000000000000        8500.0000000000000                1
        4407  -22000.000000000000        8500.0000000000000                1
        4408  -21500.000000000000        8500.0000000000000                1
        4409  -21000.000000000000        8500.0000000000000                1
        4410  -20500.000000000000        8500.0000000000000                1
        4411  -20000.000000000000        8500.0000000000000                1
        4412  -19500.000000000000        8500.0000000000000                1
        4413  -19000.000000000000        8500.0000000000000                1
        4414  -18500.000000000000        8500.0000000000000                1
        4415  -18000.000000000000        8500.0000000000000                1
        4416  -17500.000000000000        8500.0000000000000                1
        4417  -17000.000000000000        8500.0000000000000                1
        4418  -16500.000000000000        8500.0000000000000                1
        4419  -16000.000000000000        8500.0000000000000                1
        4420  -15500.000000000000        8500.0000000000000                1
        4421  -15000.000000000000        8500.0000000000000                1
        4422  -14500.000000000000        8500.0000000000000                1
        4423  -14000.000000000000        8500.0000000000000                1
        4424  -13500.000000000000        8500.0000000000000                1
        4425  -13000.000000000000        8500.0000000000000                1
        4426  -12500.000000000000        8500.0000000000000                1
        4427  -12000.000000000000        8500.0000000000000                1
        4428  -11500.000000000000        8500.0000000000000                1
        4429  -11000.000000000000        8500.0000000000000                1
        4430  -10500.000000000000        8500.0000000000000                1
        4431  -10000.000000000000        8500.0000000000000                1
        4432  -9500.0000000000000        8500.0000000000000                1
        4433  -9000.0000000000000        8500.0000000000000                1
        4434  -8500.0000000000000        8500.0000000000000                1
        4435  -8000.0000000000000        8500.0000000000000                1
        4436  -7500.0000000000000        8500.0000000000000                1
        4437  -7000.0000000000000        8500.0000000000000                1
        4438  -6500.0000000000000        8500.0000000000000                1
        4439  -6000.0000000000000        8500.0000000000000                1
        4440  -5500.0000000000000        8500.0000000000000                1
        4441  -5000.0000000000000        8500.0000000000000                1
        4442  -4500.0000000000000        8500.0000000000000                1
        4443  -4000.0000000000000        8500.0000000000000                1
        4444  -3500.0000000000000        8500.0000000000000                1
        4445  -3000.0000000000000        8500.0000000000000                1
        4446  -2500.0000000000000        8500.0000000000000                1
        4447  -2000.0000000000000        8500.0000000000000                1
        4448  -1500.0000000000000        8500.0000000000000                1
        4449  -1000.0000000000000        8500.0000000000000                1
        4450  -500.00000000000000        8500.0000000000000                1
        4451   0.0000000000000000        8500.0000000000000                1
        4452   500.00000000000000        8500.0000000000000                1
        4453   1000.0000000000000        8500.0000000000000                1
        4454   1500.0000000000000        8500.0000000000000                1
        4455   2000.0000000000000        8500.0000000000000                1
        4456   2500.0000000000000        8500.0000000000000                1
        4457   3000.0000000000000        8500.0000000000000                1
        4458   3500.0000000000000        8500.0000000000000                1
        4459   4000.0000000000000        8500.0000000000000                1
        4460   4500.0000000000000        8500.0000000000000                1
        4461   5000.0000000000000        8500.0000000000000                1
        4462   5500.0000000000000        8500.0000000000000                1
        4463   6000.0000000000000        8500.0000000000000                1
        4464   6500.0000000000000        8500.0000000000000                1
        4465   7000.0000000000000        8500.0000000000000                1
        4466   7500.0000000000000        8500.0000000000000                1
        4467   8000.0000000000000        8500.0000000000000                1
        4468   8500.0000000000000        8500.0000000000000                1
        4469   9000.0000000000000        8500.0000000000000                1
        4470   9500.0000000000000        8500.0000000000000                1
        4471   10000.000000000000        8500.0000000000000                1
        4472   10500.000000000000        8500.0000000000000                1
        4473   11000.000000000000        8500.0000000000000                1
        4474   11500.000000000000        8500.0000000000000                1
        4475   12000.000000000000        8500.0000000000000                1
        4476   12500.000000000000        8500.0000000000000                1
        4477   13000.000000000000        8500.0000000000000                1
        4478   13500.000000000000        8500.0000000000000                1
        4479   14000.000000000000        8500.0000000000000                1
        4480   14500.000000000000        8500.0000000000000                1
        4481   15000.000000000000        8500.0000000000000                1
        4482   15500.000000000000        8500.0000000000000                1
        4483   16000.000000000000        8500.0000000000000                1
        4484   16500.000000000000        8500.0000000000000                1
        4485   17000.000000000000        8500.0000000000000                1
        4486   17500.000000000000        8500.0000000000000                1
        4487   18000.000000000000        8500.0000000000000                1
        4488   18500.000000000000        8500.0000000000000                1
        4489   19000.000000000000        8500.0000000000000                1
        4490   19500.000000000000        8500.0000000000000                1
        4491   20000.000000000000        8500.0000000000000                1
        4492   20500.000000000000        8500.0000000000000                1
        4493   21000.000000000000        8500.0000000000000                1
        4494   21500.000000000000        8500.0000000000000                1
        4495   22000.000000000000        8500.0000000000000                1
        4496   22500.000000000000        8500.0000000000000                1
        4497   23000.000000000000        8500.0000000000000                1
        4498   23500.000000000000        8500.0000000000000                1
        4499   24000.000000000000        8500.0000000000000                1
        4500   24500.000000000000        8500.0000000000000                1
        4501   25000.000000000000        8500.0000000000000                1
        4502   25500.000000000000        8500.0000000000000                1
        4503   26000.000000000000        8500.0000000000000                1
        4504   26500.000000000000        8500.0000000000000                1
        4505   27000.000000000000        8500.0000000000000                1
        4506   27500.000000000000        8500.0000000000000                1
        4507   28000.000000000000        8500.0000000000000                1
        4508   28500.000000000000        8500.0000000000000                1
        4509   29000.000000000000        8500.0000000000000                1
        4510   29500.000000000000        8500.0000000000000                1
        4511   30000.000000000000        8500.0000000000000                1
        4512   30500.000000000000        8500.0000000000000                1
        4513   31000.000000000000        8500.0000000000000                1
        4514   31500.000000000000        8500.0000000000000                1
        4515   32000.000000000000        8500.0000000000000                1
